customer_id,year_month,revenue_eur
1,2024-12-01,1739.84
1,2025-01-01,1949.84
1,2025-04-01,583.24
1,2025-10-01,1171.3226571767498
2,2025-04-01,1337.7775623000095
2,2025-05-01,2680.703410969196
2,2025-06-01,1789.1211947156805
2,2025-08-01,592.8507773046837
2,2025-11-01,837.3878597227077
3,2025-01-01,1293.62
3,2025-03-01,1469.7937844902704
3,2025-05-01,1776.04
3,2025-09-01,2215.4269649759867
3,2025-11-01,1336.705235422156
4,2025-08-01,714.38
5,2025-01-01,756.6108935413683
5,2025-02-01,916.41
5,2025-06-01,341.67527251864595
5,2025-07-01,1819.9883177570096
6,2025-02-01,850.5721489526766
6,2025-03-01,810.56
7,2025-02-01,1583.412462908012
7,2025-03-01,1764.4015825914937
7,2025-09-01,2147.895276226684
7,2025-10-01,1220.4368705127151
8,2025-03-01,1487.9388595217351
8,2025-06-01,2282.699597932223
8,2025-08-01,149.99
9,2025-04-01,984.0201687190923
9,2025-06-01,414.2491077148348
10,2025-05-01,3594.194724561953
10,2025-07-01,2153.6682242990655
10,2025-08-01,631.5980346279831
11,2025-06-01,2287.8582290326353
12,2024-11-01,1527.7078327727054
13,2025-01-01,1090.6211120681405
13,2025-04-01,447.32
13,2025-05-01,1583.3317163093045
13,2025-08-01,519.8267213862289
13,2025-09-01,1307.67
14,2025-01-01,890.5551889904798
14,2025-02-01,1506.47
14,2025-07-01,674.9854769373766
14,2025-08-01,1600.4117536964252
15,2024-11-01,1307.0735223450265
15,2024-12-01,543.3376217607057
15,2025-04-01,911.81
15,2025-05-01,1285.612321562735
16,2024-12-01,197.83
16,2025-04-01,1020.0793935639427
17,2025-02-01,1429.17
17,2025-07-01,15.533024904025986
17,2025-09-01,1274.788990825688
18,2025-02-01,1862.4321179208691
18,2025-09-01,1808.43
19,2025-06-01,1108.8796760509065
19,2025-09-01,562.2755171629916
19,2025-10-01,92.19826126227842
20,2025-03-01,554.25
20,2025-10-01,1543.2646745962672
21,2025-01-01,361.51003695196243
21,2025-02-01,973.41
21,2025-04-01,235.27245254509398
21,2025-09-01,1704.38
21,2025-10-01,36.693658447820944
21,2025-11-01,651.63
22,2025-02-01,1149.5548961424333
22,2025-03-01,812.3343224530169
22,2025-06-01,2873.316720016068
22,2025-07-01,1885.4258225442452
22,2025-08-01,2206.0085328276846
22,2025-11-01,1528.999184434347
23,2025-04-01,877.9434546862898
23,2025-06-01,1182.01
24,2024-12-01,415.55
24,2025-02-01,1274.14
24,2025-08-01,756.8718650250797
25,2024-12-01,1931.76
25,2025-03-01,996.06
26,2024-12-01,616.4632388274867
26,2025-05-01,1595.1067512983266
26,2025-07-01,296.4362336114422
26,2025-08-01,1089.4969977359976
26,2025-09-01,682.54
27,2024-11-01,994.1
27,2024-12-01,432.1240653558571
27,2025-01-01,1190.3949476859273
27,2025-06-01,168.6
27,2025-11-01,1352.281879194631
28,2024-12-01,938.7704466090792
28,2025-01-01,765.75
28,2025-07-01,2618.931252102782
28,2025-09-01,2179.7424169475207
29,2024-12-01,2707.88
29,2025-01-01,1703.387884008039
29,2025-04-01,874.86
29,2025-05-01,3615.8780642586307
29,2025-07-01,588.805338847636
29,2025-09-01,2364.35
29,2025-10-01,478.9206277520605
30,2025-03-01,1243.08
30,2025-07-01,406.7383594554399
30,2025-08-01,558.6046511627907
30,2025-09-01,1348.2660550458713
30,2025-10-01,1439.996360658721
31,2025-03-01,247.33
31,2025-04-01,2570.566237395564
31,2025-10-01,66.11
32,2024-11-01,1016.8
32,2024-12-01,315.96
32,2025-03-01,0.0
32,2025-05-01,1054.64
33,2025-01-01,3630.0349880713807
33,2025-03-01,2646.3052522255193
33,2025-06-01,1780.88
33,2025-09-01,1231.8431294282009
34,2024-12-01,1541.6992952231792
34,2025-06-01,1925.1922152811148
34,2025-10-01,1786.5379284856324
35,2025-02-01,670.0834326579261
35,2025-05-01,1432.3
36,2025-01-01,362.57
37,2025-06-01,1464.039408866995
37,2025-08-01,400.59279525763793
37,2025-09-01,1160.1709195955705
38,2025-07-01,2929.060063108242
38,2025-09-01,3422.484580586497
38,2025-10-01,362.49
39,2024-12-01,3013.210439698598
39,2025-02-01,691.86
39,2025-04-01,710.3143474503025
39,2025-06-01,1234.78
40,2025-01-01,334.6969554152135
40,2025-08-01,1721.66
41,2025-01-01,1084.82
41,2025-05-01,441.3920105770139
41,2025-09-01,742.9827809664877
42,2024-11-01,584.44
42,2025-07-01,1244.85
43,2024-12-01,1400.4
43,2025-07-01,2842.59057164207
44,2025-11-01,643.18
45,2025-10-01,1337.6946136737258
46,2024-11-01,1567.1600192215283
46,2025-06-01,926.53
46,2025-10-01,766.9295101553166
47,2025-01-01,324.6890133890419
47,2025-02-01,1681.8851823118698
47,2025-04-01,1202.2375876308463
47,2025-08-01,167.99004503436834
48,2025-01-01,381.5497103788814
48,2025-08-01,1499.77
48,2025-11-01,386.10043108470234
49,2024-12-01,680.3935003915427
49,2025-03-01,1613.55
50,2024-11-01,1526.15
50,2025-01-01,1187.61
50,2025-03-01,0.0
50,2025-04-01,2083.6444655718815
51,2025-02-01,963.468365953573
51,2025-04-01,880.5488218753029
51,2025-06-01,1902.5403264754175
52,2025-01-01,254.9685408968341
52,2025-03-01,0.0
53,2025-01-01,594.5319209848268
53,2025-02-01,1717.5717610550817
53,2025-04-01,3683.015236250968
53,2025-05-01,886.79
53,2025-09-01,2081.4730620595587
54,2025-02-01,1084.0882002383792
54,2025-07-01,1773.373063170441
55,2025-02-01,1809.88
55,2025-06-01,1474.802065404475
55,2025-10-01,419.3014875727617
56,2025-01-01,1387.89
56,2025-09-01,561.8440057775638
56,2025-11-01,1946.9183269253176
57,2024-11-01,259.7885631907737
57,2025-03-01,0.0
57,2025-04-01,775.6487219209915
58,2024-12-01,257.4894320896894
58,2025-01-01,359.76
58,2025-09-01,744.72
58,2025-10-01,1559.6535244922343
60,2024-12-01,2299.590812332687
60,2025-01-01,1971.76
60,2025-02-01,1568.3750568957669
60,2025-04-01,1658.64
60,2025-09-01,1175.6237554175939
60,2025-10-01,1673.139889353054
61,2024-12-01,1530.13
61,2025-01-01,196.21147056016795
61,2025-03-01,1801.77
61,2025-05-01,426.4118938335662
61,2025-08-01,1216.8531537776018
61,2025-11-01,303.3287101248266
62,2025-02-01,1102.25
62,2025-06-01,1486.8961560527823
62,2025-09-01,221.21100917431193
63,2025-10-01,1743.27
63,2025-11-01,121.17929050814958
64,2025-06-01,1634.6239326236987
64,2025-09-01,1526.6808861464228
65,2025-02-01,296.8593536640874
65,2025-06-01,869.61
65,2025-09-01,713.15
65,2025-10-01,421.5071188794999
66,2025-03-01,1413.195856326847
66,2025-04-01,1951.5276549759308
66,2025-07-01,3201.974758284832
66,2025-10-01,2345.7265044597493
67,2024-12-01,415.84387755102034
67,2025-01-01,909.77
67,2025-07-01,1210.0119189511324
68,2025-03-01,185.82
68,2025-07-01,1994.76
69,2025-08-01,3003.157647469469
70,2024-12-01,144.3829040893566
70,2025-03-01,1362.609267788326
70,2025-10-01,1172.44
71,2024-12-01,228.8884485833168
71,2025-01-01,290.7838070628768
71,2025-03-01,810.8186859667261
71,2025-09-01,1427.2228320526895
72,2024-12-01,1546.23
72,2025-05-01,1078.573398290284
72,2025-07-01,1388.0
72,2025-08-01,271.97742350727793
72,2025-09-01,132.98025999037074
73,2025-06-01,2059.5742192069247
73,2025-08-01,1943.36
74,2025-06-01,1005.8522946394139
74,2025-08-01,1629.6390855286063
75,2025-04-01,207.8494940563906
76,2025-01-01,165.62649107739287
76,2025-03-01,3594.753806857255
76,2025-11-01,1288.82
77,2025-11-01,1076.4301526272866
78,2025-01-01,238.84949565564764
78,2025-03-01,1734.39
78,2025-08-01,229.18
78,2025-09-01,564.2497364413729
79,2025-07-01,1581.3349225268178
79,2025-09-01,2013.5
79,2025-10-01,302.92424071355987
80,2025-02-01,250.7951900698216
80,2025-05-01,936.5045078888055
80,2025-08-01,970.94
81,2025-01-01,1213.74038552844
81,2025-04-01,103.43845171431379
82,2024-12-01,1766.8167616247013
82,2025-02-01,931.42
82,2025-09-01,289.6315497130161
83,2024-12-01,151.795439859688
83,2025-02-01,1102.7152831652443
83,2025-03-01,1592.45
83,2025-06-01,955.5670935960592
84,2025-04-01,1404.6369977404458
84,2025-08-01,2000.5688551789524
84,2025-11-01,759.34
85,2025-09-01,1207.5680171082333
85,2025-11-01,991.6714400274946
86,2025-04-01,1111.1541440743608
86,2025-07-01,2588.690551586167
86,2025-08-01,492.6764445319421
87,2024-12-01,1385.8946750195769
87,2025-03-01,0.0
87,2025-05-01,1166.4281592613963
87,2025-06-01,3079.13
88,2025-02-01,388.49883630721496
89,2025-03-01,1807.5383024720368
89,2025-09-01,479.80555230174537
90,2024-12-01,1059.9158183241973
90,2025-01-01,410.35
90,2025-11-01,2124.8370577281194
91,2024-11-01,771.4
91,2024-12-01,65.42
91,2025-02-01,2768.51
91,2025-04-01,44.24
92,2025-03-01,534.4176590182981
92,2025-09-01,735.46
93,2025-02-01,145.51
93,2025-10-01,1321.11
94,2025-03-01,2717.44
94,2025-08-01,1236.8015554203944
95,2024-12-01,554.83
95,2025-03-01,1804.2673183569882
95,2025-05-01,1988.72
95,2025-10-01,146.1
96,2024-12-01,329.38
96,2025-04-01,958.6174331853812
96,2025-09-01,861.7000814245637
97,2024-12-01,195.09
97,2025-08-01,65.48
98,2025-02-01,1119.126081019572
98,2025-04-01,1753.3465322193415
98,2025-06-01,1259.01
99,2025-02-01,1498.2
99,2025-07-01,507.17
99,2025-10-01,2014.3615219600315
100,2025-05-01,1088.8091415619983
100,2025-09-01,3418.4444617517124
100,2025-10-01,1589.7182915173237
101,2025-01-01,308.3491461100569
101,2025-04-01,142.78095607485696
101,2025-07-01,1053.1944703904353
102,2025-03-01,1898.32
102,2025-05-01,387.4342599549211
102,2025-07-01,346.07
102,2025-08-01,1470.9644205468483
102,2025-11-01,2236.8598696461827
103,2025-01-01,1389.1840607210625
103,2025-04-01,1969.38
104,2025-02-01,1755.7
104,2025-03-01,963.679525222552
104,2025-06-01,474.17
106,2024-12-01,1419.4400939702425
106,2025-02-01,697.48
106,2025-10-01,1318.4261036468329
107,2024-11-01,2698.598755406055
107,2025-01-01,1096.8189155825658
107,2025-05-01,1068.4823548193974
107,2025-08-01,735.4765161878705
108,2024-12-01,1331.8840579710145
108,2025-02-01,1011.23
108,2025-08-01,1588.6393411940855
108,2025-09-01,1850.131421744325
109,2024-11-01,1567.506006727535
109,2025-02-01,302.97
109,2025-03-01,1556.47
109,2025-10-01,1638.65
111,2025-02-01,1673.9
111,2025-03-01,2784.6830622519124
111,2025-09-01,678.43
112,2025-01-01,549.85
112,2025-04-01,1675.86
112,2025-08-01,35.722754217966255
113,2025-01-01,1753.81
113,2025-02-01,286.124354390147
113,2025-08-01,674.4393592677346
114,2025-04-01,1132.52
114,2025-08-01,415.6202854821864
114,2025-09-01,318.27
115,2024-11-01,1361.446480231437
115,2025-04-01,1640.4287468127302
115,2025-08-01,628.18
116,2024-11-01,2740.2395853423336
116,2025-03-01,677.02
116,2025-06-01,2291.7699310740954
116,2025-10-01,1442.730523992899
116,2025-11-01,465.51086453999073
117,2024-12-01,2543.457818415732
117,2025-06-01,1127.4183215887251
118,2024-12-01,1782.1378075219154
118,2025-01-01,1049.82
118,2025-10-01,2120.4889977517423
119,2025-08-01,1624.9513573612528
119,2025-10-01,1585.3645015245309
120,2025-04-01,1728.61
120,2025-11-01,873.2
121,2025-01-01,2092.3524124439355
121,2025-10-01,776.07
122,2024-12-01,1264.8112249607682
122,2025-03-01,117.02274975272009
123,2025-02-01,201.33
124,2025-03-01,1442.3564720689321
124,2025-05-01,1189.460761167249
124,2025-07-01,1042.18
125,2024-11-01,1871.8322082931534
125,2025-03-01,0.0
125,2025-07-01,1299.399828522435
125,2025-10-01,38.0234019920704
126,2025-01-01,1578.84340108789
126,2025-02-01,1588.5657764589516
126,2025-05-01,390.77344414014544
126,2025-09-01,533.6553762218686
127,2025-01-01,1736.7106637546294
127,2025-04-01,1289.6685239399378
127,2025-05-01,938.4073860357761
127,2025-09-01,2290.6716417910447
128,2025-01-01,681.34
128,2025-07-01,1058.2261598551966
128,2025-11-01,2092.828877361
129,2025-04-01,1070.1975213013168
129,2025-08-01,688.4066380410816
130,2025-03-01,146.29
130,2025-05-01,668.4486271465995
130,2025-09-01,1088.72
131,2025-01-01,1199.781597189251
131,2025-02-01,1473.44
131,2025-08-01,1778.9049537805167
131,2025-11-01,95.1
132,2025-04-01,1289.4488653109343
132,2025-07-01,1526.469140663451
133,2024-12-01,971.04
133,2025-01-01,1026.21
133,2025-07-01,203.4416320362675
133,2025-09-01,904.0914080431095
133,2025-10-01,358.03839505049586
134,2025-08-01,1288.2170542635658
135,2025-03-01,0.0
135,2025-06-01,970.11
135,2025-09-01,1180.7165339751898
136,2025-03-01,1485.3816681402889
136,2025-05-01,82.17
137,2024-12-01,1654.6006264682849
137,2025-01-01,674.6540700448516
137,2025-08-01,720.54
137,2025-11-01,944.51
138,2025-05-01,1439.3901324805845
138,2025-06-01,250.42
139,2025-05-01,433.9218632607063
140,2024-12-01,1509.6095264469675
140,2025-01-01,1019.85
140,2025-07-01,1896.1322282556919
140,2025-08-01,421.46
140,2025-09-01,931.9107572671727
141,2024-12-01,313.41665135085464
141,2025-06-01,320.87709174841314
141,2025-07-01,1083.9
142,2025-04-01,802.47
142,2025-05-01,1652.69
142,2025-11-01,2088.722067039106
143,2024-12-01,1780.33
143,2025-03-01,1623.7
143,2025-06-01,2909.414192021636
144,2024-12-01,1805.373046405155
144,2025-02-01,198.6988478347239
144,2025-03-01,68.11
144,2025-06-01,1834.15
144,2025-08-01,906.3711268422885
144,2025-10-01,1745.16
145,2025-01-01,95.33415024978792
145,2025-02-01,1353.9070227497527
145,2025-09-01,1260.11
146,2025-02-01,621.4441795788638
147,2025-01-01,1343.6516165519843
147,2025-05-01,111.38647784376427
148,2024-11-01,87.70783277270543
148,2025-03-01,435.8214735211541
148,2025-05-01,1271.5
148,2025-09-01,47.52
150,2025-05-01,657.9325483935343
150,2025-07-01,282.0881339826583
151,2025-08-01,169.10128949699774
151,2025-09-01,314.74
151,2025-10-01,1235.1028074337682
152,2025-01-01,1084.320383501448
152,2025-02-01,407.67
152,2025-07-01,1286.3285425822544
153,2024-11-01,594.8
153,2025-01-01,1892.48
153,2025-02-01,1074.137460172963
153,2025-05-01,148.86363636363635
153,2025-07-01,367.34038534189654
154,2024-12-01,1332.11
154,2025-08-01,1908.57
154,2025-10-01,897.0022241562712
155,2025-04-01,411.14
156,2025-08-01,1930.84
156,2025-11-01,1757.24
157,2024-12-01,404.73
157,2025-03-01,615.62
157,2025-06-01,578.68
158,2024-12-01,551.1392906677235
159,2025-01-01,283.72
159,2025-03-01,1594.811542438199
159,2025-07-01,1608.0957943925234
159,2025-11-01,1260.05
160,2025-07-01,743.469562732209
161,2025-04-01,1824.37
161,2025-10-01,1139.8082245947014
162,2025-02-01,1307.8937160589605
162,2025-06-01,1766.92
162,2025-07-01,880.89
162,2025-11-01,120.21093000958773
163,2024-11-01,295.77126381547333
163,2025-04-01,1474.666282531451
163,2025-05-01,423.9699942296595
164,2025-01-01,1167.8404427903424
164,2025-07-01,1681.3
165,2025-01-01,241.2958177816059
166,2025-06-01,1513.1841652323578
166,2025-09-01,319.5149046472875
167,2025-03-01,762.36
167,2025-09-01,570.1750397817685
167,2025-10-01,135.74
168,2025-01-01,1046.9090182762409
168,2025-02-01,267.39
168,2025-05-01,226.00812163565965
168,2025-10-01,1328.19
169,2025-09-01,1427.9091995221029
170,2024-12-01,1693.7044216745132
170,2025-03-01,234.73
170,2025-05-01,1285.0059088286207
170,2025-06-01,407.5447420750965
170,2025-10-01,861.9612495057335
170,2025-11-01,1646.2057728119182
171,2025-07-01,934.2574068781556
171,2025-10-01,472.87756276330595
172,2024-11-01,913.1283037001442
172,2025-07-01,1918.2587804599016
172,2025-08-01,61.976433310228735
174,2024-12-01,801.6445413116702
175,2024-12-01,1083.55
175,2025-04-01,285.89
175,2025-07-01,265.88828694190175
175,2025-09-01,414.0005987426405
176,2025-01-01,1254.84
176,2025-05-01,1447.11
176,2025-10-01,826.36
177,2025-07-01,714.4654325651682
178,2025-06-01,1400.5714285714287
178,2025-08-01,331.27
179,2025-06-01,643.000385653683
179,2025-08-01,1814.1352495324343
179,2025-09-01,740.3186130959353
180,2024-12-01,1960.7390529027143
180,2025-05-01,277.75
181,2025-05-01,243.71382957493515
182,2025-10-01,2029.9
183,2024-12-01,146.38
183,2025-03-01,167.30564430244942
183,2025-07-01,816.2967289719626
183,2025-09-01,1455.65
184,2024-11-01,1464.3536761172513
184,2025-03-01,679.39
184,2025-06-01,1658.29
184,2025-07-01,1465.6076698937868
184,2025-10-01,1253.0
185,2025-06-01,422.04
185,2025-09-01,1882.55
185,2025-10-01,1467.09
186,2025-02-01,1585.4401582591497
186,2025-05-01,655.31
186,2025-10-01,1168.3
187,2025-01-01,1833.8674710151759
187,2025-03-01,1664.4609455775917
187,2025-10-01,4942.788183905407
188,2025-07-01,477.4
188,2025-09-01,345.0935012034808
188,2025-10-01,500.5671952772312
189,2025-05-01,1228.7434506848056
189,2025-06-01,1505.476282298496
189,2025-07-01,912.58
190,2025-02-01,2794.07
191,2024-12-01,1453.7
191,2025-03-01,1598.727375565611
192,2024-12-01,3307.918950665622
192,2025-01-01,745.46
192,2025-10-01,359.67
193,2025-03-01,657.7582956259427
193,2025-04-01,1477.03
193,2025-10-01,257.33
194,2024-12-01,2812.55
194,2025-04-01,465.24216524216524
194,2025-06-01,1056.8774595039808
194,2025-09-01,1028.899855560905
195,2024-12-01,674.4322631166797
195,2025-05-01,1141.24
196,2025-01-01,1079.05
197,2024-12-01,1388.2306320586486
197,2025-02-01,1804.8184982121575
197,2025-06-01,910.39
197,2025-10-01,1673.74
197,2025-11-01,1596.83
198,2025-02-01,1520.0252133436775
198,2025-07-01,451.9973681737005
199,2024-12-01,1666.16
199,2025-03-01,1352.714932126697
199,2025-09-01,1128.194916246925
199,2025-10-01,1440.4766320474778
200,2024-11-01,857.42
200,2025-04-01,466.92
200,2025-05-01,1903.92
200,2025-06-01,2262.730923694779
200,2025-10-01,2174.205495818399
201,2025-05-01,1143.7172156503873
201,2025-09-01,1532.4563049169967
201,2025-10-01,890.64
202,2024-12-01,1580.8455644789071
202,2025-01-01,1483.315924413636
202,2025-05-01,2608.3610915984837
202,2025-07-01,196.4369158878505
203,2025-02-01,1111.0469503868912
203,2025-04-01,878.4969795403858
203,2025-06-01,1060.1493394600805
203,2025-07-01,30.226041472071735
204,2024-11-01,1050.1735776277724
204,2025-01-01,3641.4490551704494
204,2025-09-01,1733.7798165137613
205,2025-03-01,1808.26
205,2025-09-01,579.4839736303705
206,2025-02-01,638.8711879836139
207,2025-08-01,5080.940065691462
208,2025-01-01,1791.84
208,2025-03-01,0.0
208,2025-09-01,364.6624232780177
208,2025-11-01,1504.24
209,2025-02-01,797.530864197531
209,2025-09-01,1529.21
210,2024-12-01,740.4398652664948
210,2025-04-01,636.06
210,2025-05-01,1751.7062462582319
210,2025-08-01,1249.1244325025482
211,2025-03-01,60.2
211,2025-05-01,246.59
212,2024-12-01,532.31
212,2025-06-01,1838.752052545156
212,2025-08-01,2242.7052257545283
212,2025-10-01,443.6448002911473
212,2025-11-01,1817.1399119107864
213,2024-11-01,424.2767900048054
213,2025-03-01,342.4
214,2024-12-01,555.77
214,2025-01-01,472.63
214,2025-03-01,398.91
214,2025-07-01,82.25219017619844
214,2025-09-01,1700.6295130531382
214,2025-11-01,440.6713649851632
215,2025-03-01,191.27
216,2024-12-01,1236.02
217,2025-04-01,1829.5
217,2025-05-01,326.9008181999601
217,2025-07-01,257.8215940135408
218,2025-02-01,137.33514352211017
218,2025-03-01,630.4869784103012
218,2025-08-01,1615.4688377316115
219,2025-01-01,682.61
219,2025-02-01,1926.0435212660734
219,2025-08-01,562.7116704805492
219,2025-10-01,1971.6686437327005
220,2025-01-01,1100.8140874724854
221,2024-12-01,818.02
221,2025-07-01,3046.4433057063925
222,2024-12-01,1237.37
222,2025-04-01,1994.3779422647028
222,2025-07-01,1404.28
222,2025-11-01,890.9497078703174
223,2025-02-01,1772.65
223,2025-06-01,526.6108374384237
224,2024-12-01,13.38
224,2025-03-01,1861.13
225,2025-07-01,380.5482717520858
226,2024-12-01,1284.56
226,2025-06-01,602.6309466602595
228,2025-03-01,788.08
228,2025-05-01,1684.7870379353838
229,2024-12-01,1331.4096673405622
229,2025-04-01,3200.377750495798
229,2025-06-01,240.44
229,2025-11-01,283.27
231,2025-05-01,602.85
231,2025-08-01,1191.28
232,2024-12-01,329.126213592233
233,2024-11-01,1665.7760691975013
233,2025-03-01,398.5768225384839
233,2025-09-01,1510.8256880733943
233,2025-10-01,437.54612546125463
233,2025-11-01,1914.563758389262
234,2025-01-01,119.30527722110888
234,2025-06-01,288.11222522175086
234,2025-07-01,873.66
234,2025-10-01,11.94
235,2025-03-01,1888.595217349211
235,2025-04-01,806.6
235,2025-08-01,2256.9230092088324
236,2024-11-01,19.58
236,2025-01-01,1391.23
236,2025-09-01,1139.4976130938849
237,2025-02-01,448.73
237,2025-05-01,1988.5
237,2025-07-01,338.03474687091347
237,2025-08-01,3394.406405941743
237,2025-09-01,2265.831056195794
238,2025-05-01,1071.8
239,2024-12-01,1809.5296446413424
239,2025-05-01,1562.09
239,2025-08-01,960.22
240,2025-03-01,1189.2533936651585
241,2024-11-01,1242.8447444551591
241,2025-06-01,1654.079630698211
241,2025-10-01,1738.794174099582
241,2025-11-01,410.23
242,2025-05-01,2864.24
242,2025-06-01,986.3742226047045
242,2025-07-01,1043.9928486293206
242,2025-11-01,555.97
243,2025-04-01,1337.2728165831613
243,2025-10-01,2067.87
244,2025-07-01,1215.07747318236
244,2025-10-01,341.87038745387457
245,2024-11-01,114.54
245,2024-12-01,15.34
245,2025-02-01,633.38828549263
246,2025-02-01,1046.1958082113122
246,2025-03-01,850.5184766214179
246,2025-08-01,1140.2
247,2024-12-01,200.01
247,2025-02-01,1637.56
247,2025-04-01,3043.994242773456
247,2025-06-01,1306.41
247,2025-07-01,593.92
247,2025-11-01,1713.6500231160428
248,2024-11-01,1917.69
248,2025-02-01,3524.038239968216
248,2025-05-01,794.7143681477206
248,2025-10-01,1526.08
249,2024-12-01,377.67
249,2025-01-01,817.9187482326328
249,2025-03-01,2825.7512945831154
249,2025-06-01,528.14
249,2025-09-01,771.02
249,2025-11-01,369.1500327991754
250,2025-03-01,2141.2509894471873
250,2025-04-01,2287.971851278079
251,2025-02-01,942.4941815360745
251,2025-03-01,1043.4721308393646
251,2025-07-01,1412.67
252,2024-12-01,1370.75
252,2025-01-01,904.8900000000001
252,2025-02-01,1623.69
253,2024-12-01,721.1139389193422
253,2025-03-01,0.0
253,2025-04-01,50.6041850869437
253,2025-05-01,1555.3003943400604
253,2025-07-01,1467.72
254,2025-01-01,637.19
254,2025-02-01,694.87
255,2024-12-01,2594.640955792252
255,2025-01-01,1245.18
255,2025-02-01,764.73
256,2024-12-01,491.81
256,2025-02-01,1800.1
256,2025-03-01,559.9010880316519
256,2025-06-01,767.0136858112061
256,2025-09-01,1514.1390878723203
256,2025-11-01,1150.57
257,2025-01-01,2299.8
257,2025-04-01,1683.7126668587343
257,2025-11-01,1280.4985474650925
258,2025-04-01,1845.82
258,2025-08-01,1043.89
258,2025-11-01,866.5826555160958
259,2025-10-01,233.42230130486357
259,2025-11-01,989.5877277085333
261,2025-03-01,1397.29
261,2025-07-01,42.312051378919534
261,2025-11-01,1565.5609869646185
262,2025-03-01,481.84
263,2025-08-01,23.204550841431615
263,2025-11-01,1437.0965862751952
264,2024-12-01,362.0657967285425
264,2025-07-01,770.7710280373832
264,2025-11-01,1103.7370178041542
265,2024-11-01,1498.7945998071361
265,2024-12-01,1736.08
265,2025-10-01,540.71
266,2025-02-01,80.24
266,2025-03-01,30.071644042232275
266,2025-10-01,1956.13
267,2024-11-01,468.66
267,2025-06-01,481.87
268,2025-02-01,2095.659713669419
268,2025-05-01,1098.195523069895
268,2025-06-01,2068.0500144885536
268,2025-08-01,1516.8516188079168
269,2025-05-01,1011.8533982834609
269,2025-06-01,2524.9500623398953
270,2025-02-01,893.61
270,2025-03-01,465.07890405653984
270,2025-09-01,857.7751085650929
271,2025-02-01,986.11
271,2025-04-01,481.29357087529047
271,2025-07-01,1431.5070093457944
272,2024-12-01,1061.2498821755114
272,2025-03-01,924.2433234421366
272,2025-05-01,667.7500727660813
272,2025-07-01,755.1179272685023
272,2025-08-01,723.4
273,2024-12-01,1085.13
273,2025-06-01,761.34
274,2024-12-01,890.104310901874
274,2025-02-01,1305.9348332040342
274,2025-08-01,2686.6986429574167
274,2025-10-01,1958.83
275,2025-10-01,2146.7391769880774
276,2024-12-01,1445.1555379433325
276,2025-02-01,1157.8565752880415
276,2025-10-01,467.36852510873865
278,2025-04-01,1457.408631598829
279,2025-01-01,241.23
279,2025-02-01,1229.2853891670459
279,2025-06-01,1230.41
280,2025-01-01,1302.83
280,2025-04-01,1627.31
280,2025-09-01,491.7669715936447
281,2025-02-01,1589.82
281,2025-05-01,798.44
281,2025-09-01,2004.6594982078855
281,2025-10-01,266.2910241202056
282,2024-12-01,883.469485824123
282,2025-01-01,625.5813953488372
282,2025-04-01,186.4
282,2025-07-01,1099.2252681764005
283,2025-04-01,110.60224632068166
283,2025-05-01,287.08644610458913
284,2025-01-01,1525.44066358752
284,2025-02-01,1114.9005197827773
284,2025-05-01,1864.86
284,2025-07-01,433.820093457944
284,2025-09-01,1210.84
285,2025-02-01,103.48629320619786
285,2025-08-01,1662.02
285,2025-09-01,1783.2068135530458
286,2025-02-01,1598.31
286,2025-08-01,1156.1011766885945
286,2025-10-01,597.2276320311605
286,2025-11-01,641.4866847530134
287,2025-06-01,12.82
287,2025-08-01,258.83
287,2025-10-01,1967.97
288,2025-03-01,449.42
288,2025-04-01,1645.01
288,2025-05-01,1805.55
289,2025-01-01,1309.97
289,2025-03-01,1818.9
289,2025-07-01,204.04322063436737
289,2025-08-01,1088.7117536389742
289,2025-10-01,1638.0288410376743
290,2025-08-01,1987.0607019185775
290,2025-10-01,2293.9741289375634
291,2025-03-01,1428.4519221731366
291,2025-06-01,379.9945090143681
291,2025-07-01,454.9829996222138
291,2025-08-01,146.61876168914262
291,2025-10-01,933.86
292,2024-12-01,485.0826179267055
292,2025-03-01,1421.2702100881015
292,2025-09-01,662.39
292,2025-10-01,1032.7989161115502
293,2025-08-01,1475.8072063640618
293,2025-09-01,543.99
294,2024-12-01,1571.9077375482448
294,2025-04-01,1470.565453137103
295,2025-01-01,1817.86
295,2025-02-01,1711.4
295,2025-09-01,1567.6522221195603
296,2025-01-01,234.68
296,2025-02-01,955.7210965435042
296,2025-04-01,1436.2
296,2025-05-01,867.262023548194
296,2025-06-01,1522.778438729752
296,2025-07-01,371.82
296,2025-10-01,668.3359512150051
297,2025-10-01,958.4735237665122
297,2025-11-01,1517.61
298,2024-11-01,721.5569437770303
298,2025-03-01,484.82
301,2024-11-01,613.8
301,2025-02-01,417.46126340882006
301,2025-04-01,2716.3900000000003
302,2025-03-01,1878.39
302,2025-08-01,1084.2
302,2025-10-01,54.96006482231739
302,2025-11-01,1608.18
303,2025-06-01,1919.17
304,2025-02-01,2147.0299999999997
304,2025-03-01,364.40158259149365
304,2025-08-01,1219.12
304,2025-09-01,1439.5269933140405
306,2025-06-01,1221.9605958673715
306,2025-08-01,3660.0345226236486
306,2025-10-01,786.4362930795528
307,2024-11-01,681.23
308,2025-01-01,899.75
308,2025-11-01,1763.3841886269072
309,2025-02-01,1251.41
309,2025-04-01,794.45
309,2025-05-01,240.52404207362886
309,2025-06-01,812.33
309,2025-07-01,748.748851530034
310,2025-08-01,1056.5006436280821
311,2024-12-01,251.0473766640564
311,2025-04-01,221.81
311,2025-09-01,738.7520829476023
312,2024-12-01,322.78581335446796
312,2025-07-01,2111.296635514019
313,2025-07-01,771.49
314,2024-11-01,473.0086788813887
314,2025-09-01,593.4954128440367
315,2025-03-01,575.4284054603544
315,2025-04-01,1138.5106592003144
315,2025-08-01,2013.5313914355343
316,2025-03-01,382.2
316,2025-05-01,2113.1110095934214
316,2025-06-01,390.0172314761631
316,2025-09-01,1478.9174311926604
317,2024-12-01,949.85
317,2025-10-01,842.28
318,2025-04-01,693.56
318,2025-08-01,1209.436577878998
319,2025-01-01,1389.57
319,2025-06-01,1494.4261678729204
319,2025-10-01,1083.188438523202
320,2024-12-01,1611.353279175748
320,2025-01-01,2631.74
320,2025-02-01,348.7756030951297
320,2025-03-01,1806.22
320,2025-05-01,2231.3385107354957
320,2025-06-01,48.978856319077366
320,2025-09-01,93.80161454950357
321,2025-02-01,333.2271279016841
321,2025-05-01,524.7954500099781
321,2025-08-01,3201.831308039429
321,2025-09-01,1836.05
321,2025-10-01,3897.850585194018
321,2025-11-01,1449.38
322,2025-03-01,1010.5528124697454
322,2025-04-01,338.43692427033835
322,2025-06-01,489.48
322,2025-07-01,2824.9169158878503
322,2025-09-01,1389.54
322,2025-10-01,1668.1011736875628
323,2025-09-01,1456.8186997774392
323,2025-10-01,1256.1641342916932
324,2025-05-01,411.68
325,2024-11-01,1587.92
325,2025-05-01,1005.89
326,2024-11-01,1204.4690052859203
326,2025-03-01,703.4718100890209
327,2025-07-01,967.8555915016648
327,2025-10-01,1586.06
328,2025-02-01,429.04251092570524
328,2025-06-01,122.59730898606439
329,2025-01-01,401.55
329,2025-03-01,1635.388664348153
329,2025-04-01,15.89
330,2025-06-01,1212.2862938278759
331,2025-06-01,599.24
332,2024-12-01,1095.5339092078661
332,2025-02-01,1498.16
332,2025-03-01,1282.1266073194859
332,2025-05-01,1762.954414310444
332,2025-06-01,361.95073891625617
332,2025-10-01,1312.7689169139467
333,2024-11-01,1199.68
333,2025-05-01,1449.3332081141998
333,2025-09-01,2281.366927070551
334,2025-05-01,710.1897069872277
334,2025-06-01,1290.9307220646106
335,2025-01-01,589.6220190404374
335,2025-03-01,1276.1371451026623
335,2025-07-01,2934.9122342981354
335,2025-08-01,3109.165756145955
336,2025-08-01,890.9
336,2025-09-01,846.4566201607687
337,2024-12-01,2019.834068976581
337,2025-01-01,1939.28
337,2025-02-01,1953.42
338,2025-09-01,2413.8893026530195
339,2025-03-01,1356.97
339,2025-11-01,1137.0849353372948
340,2025-05-01,1498.3095416979716
340,2025-11-01,1593.0
341,2025-03-01,481.93
341,2025-06-01,1019.66
341,2025-10-01,1496.5187119234115
342,2025-02-01,1933.7955779674169
342,2025-05-01,1829.28
344,2025-06-01,275.13159433851916
344,2025-10-01,118.89
345,2025-06-01,656.3009060126293
345,2025-07-01,112.28174367502079
345,2025-08-01,1231.83
345,2025-09-01,1468.201834862385
345,2025-11-01,634.89
346,2025-01-01,420.33
346,2025-03-01,173.28879852841516
346,2025-05-01,538.09
346,2025-07-01,1667.03
346,2025-08-01,1407.55
347,2024-11-01,775.06
347,2025-01-01,1456.360339727073
347,2025-02-01,1982.86
347,2025-11-01,1027.51677852349
348,2025-07-01,809.8317511044271
349,2024-11-01,1326.32
349,2025-01-01,1969.05
349,2025-06-01,1314.4641999038924
350,2025-01-01,974.0037950664135
350,2025-06-01,479.10750507099385
351,2024-11-01,37.53134040501447
351,2024-12-01,1760.261349797342
351,2025-03-01,816.18
351,2025-06-01,1323.192118226601
351,2025-09-01,582.5925925925926
351,2025-10-01,313.70273667923794
352,2025-03-01,1544.73
352,2025-11-01,638.0001874238591
353,2025-01-01,467.32248077499247
353,2025-05-01,887.781743050338
354,2024-11-01,763.78
354,2025-02-01,1784.8
354,2025-07-01,1088.1478091751517
354,2025-08-01,397.5292843783837
355,2024-12-01,1330.68
355,2025-02-01,1456.0491579426491
355,2025-08-01,396.0429176100009
356,2025-05-01,1303.47
357,2025-04-01,1800.1770280479745
357,2025-05-01,1572.8
357,2025-06-01,1530.98
357,2025-08-01,1809.93
357,2025-10-01,1894.0998031259862
357,2025-11-01,2205.749534450652
358,2024-12-01,1837.41
358,2025-07-01,659.5995466565925
359,2025-01-01,2755.9620040080163
359,2025-02-01,1020.41
359,2025-04-01,273.51885969165124
359,2025-05-01,86.02891238963812
359,2025-10-01,597.8072968792649
360,2025-04-01,1181.83
360,2025-05-01,220.0037565740045
360,2025-11-01,1142.73
361,2024-11-01,1139.11
361,2025-05-01,3754.631131927602
361,2025-06-01,530.1871921182267
362,2025-02-01,2179.373545384019
362,2025-07-01,1578.96
363,2024-12-01,1017.0464988053666
363,2025-01-01,2050.861356946159
363,2025-03-01,302.29
364,2025-01-01,1941.68
364,2025-03-01,973.8979227370994
364,2025-04-01,367.35089078233926
364,2025-08-01,313.79
365,2025-05-01,825.7
365,2025-11-01,1036.763189954081
366,2025-02-01,1574.69
366,2025-05-01,1301.17
366,2025-06-01,1261.8954623779437
366,2025-10-01,379.99
366,2025-11-01,1057.7513966480449
367,2024-12-01,233.47
367,2025-02-01,1302.63
367,2025-10-01,1455.8694649446495
368,2024-12-01,1079.600626468285
368,2025-02-01,31.67
368,2025-04-01,1495.21
368,2025-05-01,588.4297520661157
368,2025-07-01,1420.543360566985
368,2025-08-01,125.74
369,2025-03-01,758.49
369,2025-08-01,54.43
369,2025-10-01,1466.513919120174
369,2025-11-01,701.3326941514862
370,2025-01-01,554.7420805818739
370,2025-10-01,899.0312376433372
371,2024-12-01,846.5152701644479
371,2025-03-01,1555.1837578719803
371,2025-06-01,1783.23
371,2025-07-01,684.5327102803739
371,2025-09-01,296.58716694940625
372,2025-03-01,313.96
372,2025-07-01,467.4299065420561
373,2025-05-01,252.90361205348236
374,2025-02-01,335.52116522530724
374,2025-03-01,1643.19
374,2025-07-01,3069.260785773028
375,2025-07-01,2356.9866510727074
375,2025-08-01,556.7382909198931
375,2025-10-01,645.48
376,2025-04-01,93.33
376,2025-05-01,1079.1597943145434
376,2025-06-01,1989.88
376,2025-07-01,710.58
376,2025-08-01,1153.5003465689672
376,2025-09-01,2219.4843768563624
376,2025-10-01,1955.6445235270855
377,2025-04-01,794.47
377,2025-05-01,160.87
377,2025-09-01,1714.8580211844005
378,2025-01-01,1501.36
378,2025-03-01,1857.77
378,2025-08-01,1385.2
378,2025-10-01,521.5422829400474
379,2025-05-01,960.78
379,2025-07-01,1522.473379413413
379,2025-10-01,1270.91
380,2024-12-01,1294.5413116702991
380,2025-04-01,1213.381169397847
381,2025-07-01,993.3969010727056
381,2025-11-01,1627.3447512524758
382,2024-11-01,125.56463238827487
382,2025-04-01,2283.38
383,2025-03-01,1383.8800904977377
383,2025-07-01,1436.549598356062
383,2025-09-01,474.82475941546875
384,2025-08-01,1211.9813842954748
384,2025-09-01,1241.65
385,2024-12-01,294.907866059045
385,2025-05-01,1913.76
386,2025-03-01,1484.16
386,2025-07-01,1734.94331713823
386,2025-08-01,824.1452793477255
386,2025-10-01,1144.5546356109544
387,2025-02-01,130.25034137460173
387,2025-06-01,832.2611803342025
387,2025-08-01,1155.98
387,2025-11-01,571.03
388,2025-01-01,965.0301464254953
388,2025-02-01,480.17296313154304
390,2025-01-01,407.38771246795176
390,2025-02-01,1128.387734915925
390,2025-05-01,1557.5533825583716
391,2024-12-01,1481.7443226311666
391,2025-01-01,44.050004771447654
391,2025-02-01,1481.02
391,2025-08-01,84.14044687642499
391,2025-10-01,1735.07
392,2025-02-01,551.22
392,2025-04-01,977.7969845385576
392,2025-08-01,514.9263411470398
394,2024-12-01,406.78184157324023
394,2025-01-01,1061.5
394,2025-04-01,434.86
394,2025-08-01,1837.43
395,2025-07-01,1094.115449280777
395,2025-08-01,1908.6543222101197
395,2025-09-01,1302.5504932129388
396,2024-12-01,2786.44
396,2025-11-01,1619.33
397,2025-04-01,740.2110766847405
398,2024-12-01,656.17
398,2025-02-01,2494.334724125207
399,2024-12-01,1123.22
399,2025-06-01,915.1260504201679
399,2025-09-01,631.8878460259
399,2025-11-01,321.69459962756054
400,2025-02-01,1740.71955003879
400,2025-09-01,1646.02
400,2025-10-01,1016.580118694362
400,2025-11-01,1663.570763500931
401,2024-12-01,1187.25
401,2025-01-01,754.03
401,2025-05-01,1479.363912124276
401,2025-08-01,1567.59
401,2025-10-01,629.8662361623617
402,2024-12-01,910.61
402,2025-03-01,1892.49
402,2025-05-01,1582.7761081893314
402,2025-06-01,397.2
402,2025-08-01,1960.97
403,2025-01-01,1909.77
403,2025-08-01,1233.7657193781563
404,2024-12-01,1122.2494126859826
404,2025-06-01,1714.84593837535
404,2025-08-01,1694.13
405,2024-11-01,403.6933461909354
405,2024-12-01,1629.75
405,2025-02-01,1901.67
405,2025-04-01,475.9682416731216
406,2025-03-01,0.0
407,2025-04-01,1668.9753413891344
407,2025-09-01,2102.495021670376
407,2025-10-01,1368.0278948889452
408,2025-01-01,746.2099270947767
410,2025-09-01,494.69
410,2025-10-01,1808.7335722819596
410,2025-11-01,1170.16
411,2025-02-01,1567.510241238052
411,2025-03-01,0.0
411,2025-08-01,908.9706394336775
412,2024-12-01,553.0711313651674
412,2025-02-01,1948.97
412,2025-06-01,135.62475896644813
412,2025-10-01,996.017739998152
413,2025-02-01,618.67
413,2025-05-01,1799.4356664743218
414,2025-06-01,85.1262389459315
414,2025-11-01,1409.93947858473
415,2025-02-01,629.41
415,2025-05-01,388.0871403621656
415,2025-06-01,1294.8384735059942
415,2025-10-01,1755.09
416,2025-05-01,1690.61
417,2025-02-01,1699.3966369930763
417,2025-07-01,202.54
417,2025-11-01,1255.31
418,2025-02-01,807.79
418,2025-03-01,0.0
418,2025-04-01,943.6290401807643
418,2025-08-01,2836.3100000000004
418,2025-11-01,2344.366771525108
419,2025-02-01,418.15
419,2025-06-01,2392.8519942335415
419,2025-07-01,413.68
419,2025-10-01,860.9202029520296
419,2025-11-01,195.76224035608308
421,2025-04-01,1812.689089599539
423,2025-02-01,3487.6395857988164
423,2025-06-01,29.77
423,2025-08-01,439.25
424,2024-12-01,305.2368833202819
424,2025-03-01,0.0
424,2025-06-01,1239.7662513281173
424,2025-07-01,1388.754147122755
425,2024-11-01,1975.74
425,2025-03-01,634.1534690799397
425,2025-07-01,1580.34
425,2025-11-01,116.99
426,2025-03-01,978.89
426,2025-05-01,1139.52
427,2024-12-01,657.38
427,2025-02-01,1198.93
427,2025-07-01,3155.26
427,2025-10-01,1085.47370832856
428,2024-12-01,849.78
428,2025-02-01,463.25
428,2025-09-01,1836.03
429,2025-08-01,647.947632641008
430,2025-09-01,1007.68
431,2025-08-01,1331.950502719726
431,2025-10-01,1764.4
432,2025-01-01,472.50447733056836
432,2025-03-01,1798.6736373317842
432,2025-06-01,2111.956110154905
432,2025-08-01,597.9407390458757
433,2025-02-01,537.6539531187922
433,2025-05-01,717.21
433,2025-07-01,672.4880157909578
434,2025-01-01,1737.52
434,2025-02-01,1561.08
434,2025-08-01,1734.4469399213926
435,2025-01-01,912.7156188142144
435,2025-02-01,600.43
435,2025-07-01,1341.3797048392632
436,2024-12-01,1505.7654659357868
436,2025-09-01,1656.2023458618773
437,2025-05-01,327.74
437,2025-07-01,2205.777371010182
437,2025-10-01,1376.9968366943456
438,2025-01-01,26.56917671636122
438,2025-03-01,817.5862393082057
439,2025-01-01,983.73
440,2024-11-01,983.8958534233366
440,2024-12-01,1383.4753318803248
440,2025-02-01,916.8341468083071
440,2025-05-01,2123.1309541697974
440,2025-09-01,1751.54
441,2025-03-01,218.5426093514329
441,2025-05-01,741.55
442,2024-11-01,1860.8582449373193
442,2025-04-01,1608.4359546203818
442,2025-06-01,1237.865748709122
442,2025-09-01,819.1519269064073
442,2025-10-01,520.1527954624378
443,2025-03-01,879.7699849170438
443,2025-05-01,823.5333426461784
444,2024-12-01,969.5967110415035
444,2025-03-01,1199.2458521870287
444,2025-04-01,1766.33
444,2025-11-01,1089.68
445,2025-05-01,462.92
445,2025-09-01,721.6668206597061
446,2025-03-01,662.2057368941643
447,2025-03-01,1968.5708898944195
447,2025-05-01,1122.5
447,2025-06-01,130.46
447,2025-11-01,42.97629088182926
448,2025-01-01,1204.64
448,2025-02-01,109.21256258534365
448,2025-08-01,3109.1480118139916
449,2025-07-01,933.1610113732493
450,2025-09-01,1976.3918757467145
450,2025-10-01,406.32
451,2025-02-01,1658.78
451,2025-06-01,3412.84
451,2025-10-01,1482.4632480611183
452,2025-02-01,1796.6737781225759
452,2025-06-01,1780.14
452,2025-10-01,1095.49
454,2025-02-01,300.34
454,2025-03-01,1895.3722528802402
454,2025-05-01,23.6
455,2025-08-01,472.3
455,2025-09-01,1182.0606066441985
456,2025-05-01,544.6817002594292
456,2025-10-01,331.32
457,2025-08-01,729.0820471161657
458,2025-01-01,1144.8400000000001
458,2025-03-01,616.547972304649
458,2025-04-01,137.98
459,2025-02-01,449.3405740884407
459,2025-05-01,1000.17
459,2025-10-01,135.55555555555554
460,2025-01-01,1711.12
460,2025-04-01,648.2660379212103
460,2025-07-01,2162.655897374985
461,2025-01-01,2003.955044155351
461,2025-06-01,1227.15
461,2025-09-01,2158.5653353034777
462,2025-08-01,2071.694572766117
463,2024-11-01,1896.7020250723242
463,2025-03-01,390.1
463,2025-07-01,23.500840650102745
464,2025-08-01,906.78
464,2025-10-01,662.13
465,2025-03-01,1297.9369289714118
465,2025-06-01,473.5669155657668
466,2024-11-01,1616.0691975012014
466,2025-03-01,416.91354438958274
466,2025-04-01,704.2179773101909
466,2025-05-01,1324.95
466,2025-09-01,1488.98
467,2024-11-01,1435.41
467,2024-12-01,1445.3593089505605
467,2025-03-01,0.0
467,2025-08-01,1310.4605563155494
467,2025-10-01,2279.2452830188677
468,2025-03-01,1982.64
468,2025-05-01,1958.82
468,2025-09-01,1987.36
469,2025-05-01,901.3370584713631
469,2025-10-01,1806.0470874875505
470,2025-01-01,1292.77
470,2025-06-01,681.1222522175087
470,2025-09-01,237.74503980040396
470,2025-10-01,1681.66
471,2024-12-01,1240.222385590884
471,2025-05-01,1722.18
471,2025-09-01,921.0590612849472
471,2025-11-01,1751.5363128491622
472,2024-12-01,1385.2949321517588
472,2025-04-01,1585.88
472,2025-10-01,1900.1911589008364
473,2025-01-01,972.11
473,2025-05-01,1956.85
474,2025-05-01,1406.057475582269
474,2025-07-01,1122.7017243021814
475,2025-03-01,1049.26
475,2025-07-01,1678.24
476,2024-11-01,789.98
476,2025-07-01,1548.7169846790111
476,2025-09-01,343.9304387360763
477,2024-11-01,1538.2738669238188
477,2025-03-01,0.0
477,2025-04-01,1144.0705905168234
477,2025-05-01,609.6487727000599
477,2025-08-01,926.2399401085532
477,2025-11-01,1653.8350910834133
478,2025-05-01,3329.6941069956356
479,2025-03-01,82.66073194856578
479,2025-08-01,412.09
479,2025-09-01,1596.85
480,2025-07-01,51.83
481,2025-01-01,401.34839996201697
481,2025-06-01,705.3895102198227
481,2025-07-01,2093.745972365824
482,2025-01-01,1856.5893692146196
482,2025-04-01,404.3440318045185
483,2025-02-01,858.29
483,2025-05-01,1215.0411146642302
483,2025-08-01,488.8899891078325
484,2024-11-01,201.7876021143681
484,2025-07-01,153.63
484,2025-10-01,3280.3130292332444
485,2025-01-01,1900.849317682985
485,2025-09-01,1397.98
486,2025-01-01,509.55
486,2025-03-01,10.01131221719457
486,2025-10-01,1063.8847088783425
487,2025-07-01,919.4912832237782
488,2024-12-01,1509.01
488,2025-01-01,1786.85
488,2025-03-01,1808.85
488,2025-07-01,2549.107425006743
488,2025-08-01,618.3186454104367
488,2025-11-01,135.39789069990414
489,2025-01-01,1666.1639868171376
489,2025-05-01,768.1556332042686
489,2025-06-01,1706.4401091326822
489,2025-07-01,3219.491164033733
489,2025-08-01,536.4997660271408
489,2025-09-01,1465.2379189039066
489,2025-11-01,99.99
490,2025-04-01,1685.2876212426777
490,2025-05-01,320.5901277690964
490,2025-06-01,172.61044176706827
490,2025-10-01,1311.9158011869436
491,2024-12-01,1278.0
491,2025-05-01,1574.630021141649
491,2025-06-01,1900.5646323882747
491,2025-07-01,471.1484699659993
491,2025-11-01,1306.0019175455418
492,2025-02-01,400.7943343860657
492,2025-03-01,1726.67
492,2025-05-01,544.2963507675337
493,2025-05-01,971.722389181067
494,2025-06-01,832.1731585036638
494,2025-07-01,377.1031111946611
495,2025-06-01,63.44967219436946
495,2025-08-01,492.52293152969526
495,2025-09-01,1224.8492159227985
495,2025-11-01,1312.59
496,2025-01-01,1442.6835103837689
496,2025-06-01,1084.85
496,2025-09-01,1838.66
497,2024-12-01,1600.73
497,2025-05-01,1765.1498981274863
497,2025-11-01,116.63175046554935
498,2024-11-01,1214.95
498,2025-08-01,1432.3299336567977
499,2025-09-01,3357.2746260513754
500,2024-11-01,1288.063431042768
500,2024-12-01,640.69
500,2025-08-01,101.33419809135552
500,2025-09-01,2018.4507544255673
501,2024-12-01,648.06
501,2025-01-01,1621.35
501,2025-03-01,1957.61
501,2025-04-01,554.307116104869
501,2025-08-01,1979.94
502,2025-03-01,1179.8219584569733
503,2025-01-01,531.2659063059666
503,2025-08-01,2858.1428497894244
503,2025-11-01,1855.07
504,2025-03-01,428.6
505,2024-11-01,215.92
505,2025-02-01,361.3031386571315
505,2025-03-01,1812.98
505,2025-04-01,1697.848511641615
505,2025-07-01,735.7739389085917
506,2024-11-01,1226.2758289284
506,2025-01-01,1014.89
506,2025-07-01,1362.8
507,2025-02-01,1811.834319526627
508,2025-04-01,374.6533501405992
508,2025-08-01,1342.1609390360343
508,2025-10-01,365.1
509,2025-01-01,215.31
509,2025-06-01,315.2999130686757
510,2025-01-01,1249.3875225524644
510,2025-02-01,261.2926718252162
510,2025-04-01,1067.1773489770192
510,2025-06-01,857.3923032739805
510,2025-09-01,313.9276092304088
511,2025-04-01,1637.8260447978278
511,2025-05-01,1583.219849971148
512,2025-03-01,1535.9940652818993
512,2025-05-01,1468.181818181818
512,2025-06-01,341.6539946192537
512,2025-09-01,686.77
513,2025-04-01,1720.6700068769035
513,2025-08-01,1701.61
514,2025-04-01,623.44
514,2025-08-01,615.2506254053553
515,2025-04-01,1691.8355473674
515,2025-08-01,686.5730532667982
516,2025-06-01,2159.7730728740203
516,2025-08-01,992.8755264389331
517,2025-03-01,22.539592760180998
517,2025-09-01,1771.6
517,2025-10-01,3105.4303196929823
518,2024-12-01,1338.06
518,2025-04-01,590.286015160095
518,2025-08-01,1046.0639667293792
519,2025-03-01,0.0
519,2025-06-01,1745.3356282271943
520,2025-01-01,1340.1087890065844
520,2025-03-01,1600.2450980392157
521,2025-01-01,1311.3865585823357
521,2025-03-01,1505.1408655242521
521,2025-04-01,700.1133251487394
521,2025-08-01,1374.41
522,2024-11-01,1674.0124939932725
523,2025-07-01,1088.57
523,2025-09-01,1757.387046105516
524,2024-12-01,1845.28
524,2025-01-01,1237.983097521603
524,2025-03-01,322.12
525,2025-08-01,1855.4312308149322
526,2025-03-01,82.52492980927485
526,2025-06-01,1414.71
526,2025-10-01,956.2492943434571
526,2025-11-01,734.230725168977
527,2024-12-01,535.351948171292
527,2025-09-01,11.655249027957785
528,2025-03-01,0.0
528,2025-05-01,1724.5317496573778
528,2025-09-01,500.4157812066895
528,2025-10-01,343.5741224252974
529,2024-12-01,1027.384671935306
529,2025-11-01,1745.05
530,2025-01-01,1830.9857810859814
530,2025-06-01,592.01
530,2025-07-01,1611.74
530,2025-10-01,1588.991781456187
531,2025-08-01,1034.6965046044163
532,2025-02-01,662.7299703264096
532,2025-03-01,464.11
532,2025-04-01,1860.7125708249305
533,2025-01-01,432.24
533,2025-02-01,77.7
534,2024-11-01,1539.16
534,2024-12-01,940.0931246284921
534,2025-01-01,814.66
535,2025-09-01,169.8389187187558
535,2025-10-01,162.98230345227734
536,2024-12-01,1235.81
536,2025-03-01,199.40783908262054
536,2025-07-01,651.76
536,2025-08-01,609.9316005471956
537,2025-05-01,2025.796685223846
537,2025-08-01,2278.7871853546912
538,2025-01-01,1006.68
539,2025-01-01,739.39132931381
539,2025-03-01,1872.09
540,2025-01-01,2789.234045740537
540,2025-02-01,992.89
541,2025-06-01,1554.4286680189316
542,2024-12-01,265.40922391683716
542,2025-01-01,1794.03
542,2025-03-01,13.281323432653444
543,2025-02-01,2414.73657098526
543,2025-06-01,1091.0269650028686
543,2025-08-01,3174.5308924485125
544,2025-05-01,1165.57
544,2025-06-01,989.3219007586415
545,2025-02-01,603.2081843464442
545,2025-11-01,1496.2017942444368
546,2024-11-01,81.92
546,2025-04-01,1981.61
546,2025-06-01,2329.21024704745
546,2025-09-01,404.84
547,2025-02-01,232.43
547,2025-04-01,595.2
547,2025-08-01,466.7101208817255
547,2025-09-01,1704.743119266055
547,2025-11-01,2197.8039759593157
548,2025-03-01,793.2132829896408
548,2025-06-01,1960.82
549,2025-02-01,1138.0818463925525
549,2025-06-01,1155.9116353820962
550,2025-03-01,766.62
550,2025-06-01,1534.4236453201972
550,2025-08-01,1933.94
550,2025-11-01,958.9987398327414
551,2025-02-01,942.0209376422393
551,2025-07-01,1977.8199620790856
551,2025-08-01,2276.40383715489
552,2025-03-01,1640.32
552,2025-11-01,1596.3733483272422
553,2025-02-01,2207.8260507574173
553,2025-04-01,1312.7820992989534
553,2025-05-01,1938.58
553,2025-08-01,198.90560875512995
554,2025-05-01,753.33
554,2025-06-01,1024.87
554,2025-08-01,1435.7393707250342
555,2025-03-01,1451.75
556,2025-01-01,881.373227803855
556,2025-03-01,2304.0405429864254
556,2025-05-01,357.42
556,2025-06-01,1615.3095721047039
556,2025-07-01,1811.05
557,2025-05-01,406.9447216124526
557,2025-06-01,1288.4574519462956
557,2025-09-01,1676.24987526195
558,2025-06-01,1349.699663623258
559,2025-01-01,584.5214237999809
559,2025-04-01,1362.9462509682417
559,2025-07-01,1262.727164746407
559,2025-11-01,1715.16
560,2025-09-01,1822.27
561,2025-09-01,1428.5869041887336
561,2025-10-01,1983.2966778562331
562,2025-01-01,905.17
562,2025-03-01,1849.82
562,2025-09-01,28.911892152142514
562,2025-10-01,1675.5412991178828
563,2025-02-01,141.36
564,2024-12-01,749.4599833841041
564,2025-02-01,1376.79
564,2025-03-01,251.66838988626748
565,2024-12-01,479.99630757869477
565,2025-01-01,584.27
565,2025-02-01,1991.84
565,2025-06-01,1643.2689667795369
565,2025-11-01,2266.516412390199
566,2025-04-01,618.1738962044927
566,2025-05-01,708.23
567,2025-07-01,866.8201898674687
568,2025-02-01,131.01241272304114
569,2024-12-01,910.6498910243708
569,2025-01-01,1517.4539555301078
569,2025-03-01,737.1794871794872
569,2025-10-01,90.48
570,2024-12-01,1207.5828928399808
570,2025-01-01,1991.87
570,2025-02-01,976.842513576416
570,2025-05-01,861.18
570,2025-08-01,1692.0594965675057
570,2025-09-01,2956.4546988957964
571,2024-11-01,1891.0414657666347
571,2024-12-01,1494.8859964921999
571,2025-05-01,580.17
572,2025-01-01,1871.7595669926884
572,2025-04-01,933.8892659749829
572,2025-05-01,488.58249126451983
572,2025-10-01,373.72759856630825
573,2025-07-01,1785.8445342607388
573,2025-08-01,1897.46
573,2025-09-01,1909.4299999999998
573,2025-10-01,1641.231624030559
574,2025-10-01,956.13
575,2024-12-01,1764.01
575,2025-03-01,1696.9
576,2025-02-01,445.80613254203763
576,2025-03-01,1844.6752514334053
576,2025-05-01,687.4620829120323
576,2025-08-01,1797.701778385773
577,2024-11-01,1497.01
577,2025-04-01,1417.92
578,2025-05-01,1414.8583828232067
578,2025-06-01,349.39
578,2025-09-01,1426.137614678899
579,2025-04-01,243.94
579,2025-05-01,874.760164458657
579,2025-11-01,1446.205772811918
580,2024-12-01,3336.053306563279
580,2025-06-01,1990.3233620195065
580,2025-08-01,1320.0649878147847
580,2025-09-01,921.33
580,2025-10-01,236.3
581,2025-07-01,1123.517247861641
582,2025-02-01,1833.32
582,2025-03-01,86.33330200206785
582,2025-05-01,437.2178675984513
582,2025-10-01,1441.9015060519264
583,2025-07-01,148.2999622213827
584,2024-12-01,1064.3352486625718
584,2025-06-01,971.89
585,2024-12-01,917.38
585,2025-03-01,900.5736894164195
585,2025-05-01,564.1786928945675
585,2025-08-01,471.6552667578659
585,2025-11-01,1422.6941514860978
586,2025-07-01,1452.0129934048625
588,2024-12-01,1076.2067893500391
588,2025-02-01,308.67
588,2025-03-01,1106.16
589,2025-07-01,533.96
590,2024-12-01,1342.56
590,2025-09-01,821.0091743119265
590,2025-10-01,2233.9738395647646
591,2025-11-01,1693.8
592,2025-09-01,1257.06
592,2025-10-01,1475.5899288698204
593,2024-12-01,784.3623338674711
593,2025-04-01,1724.4448753999804
593,2025-05-01,243.87678437265217
593,2025-08-01,1010.7894736842105
594,2024-12-01,1416.22
594,2025-01-01,432.17532778256293
594,2025-10-01,1018.98
595,2025-01-01,1207.3786965259833
595,2025-07-01,884.4626168224299
595,2025-08-01,2865.8741928841096
596,2025-01-01,1671.53354327703
596,2025-03-01,88.45
596,2025-05-01,522.635102357621
596,2025-09-01,1439.25
597,2025-07-01,386.71129048134657
598,2025-05-01,987.5814524506563
598,2025-06-01,2275.6626506024095
598,2025-10-01,508.9
598,2025-11-01,1012.64
599,2024-12-01,534.985691867442
599,2025-01-01,1173.383344411737
599,2025-09-01,768.0
600,2025-01-01,979.5596980405819
600,2025-06-01,58.05858701895462
600,2025-08-01,1409.6567505720823
600,2025-11-01,1306.3630400149939
601,2025-05-01,430.0303336703741
601,2025-08-01,1082.8750888836216
601,2025-09-01,1244.82589311507
602,2024-12-01,1314.4937586685157
602,2025-10-01,3054.3853776196124
602,2025-11-01,511.1738082090926
603,2025-01-01,1756.841705441079
603,2025-04-01,1360.1044713339097
603,2025-08-01,2308.483230822792
603,2025-10-01,1629.2603038849968
604,2025-08-01,1174.090287277702
604,2025-09-01,25.606369190890575
605,2024-12-01,136.64
605,2025-04-01,1630.7594066214756
605,2025-06-01,849.9901477832514
605,2025-10-01,1798.1613285883748
606,2025-02-01,564.4119984108065
606,2025-04-01,451.0423737030932
606,2025-09-01,1148.58
607,2025-02-01,3660.0508605341247
607,2025-05-01,1756.15
607,2025-08-01,397.6430205949657
607,2025-09-01,75.28069035909807
608,2025-06-01,1874.35
608,2025-07-01,2246.76
608,2025-10-01,1178.7
608,2025-11-01,1176.98
609,2024-12-01,1831.9334681124792
609,2025-02-01,4239.490949042945
609,2025-03-01,439.5055926308863
609,2025-04-01,2546.263407996856
609,2025-08-01,2128.5134037367993
610,2025-04-01,1879.83
610,2025-08-01,1674.72
610,2025-09-01,1615.9676844481407
611,2025-02-01,219.3445607646791
611,2025-03-01,530.44
611,2025-05-01,1230.5800000000002
611,2025-08-01,4888.139238536244
612,2024-12-01,1959.4299217736984
612,2025-01-01,16.12
612,2025-04-01,379.19
612,2025-05-01,1264.0207732256204
612,2025-10-01,123.23570110701108
613,2025-05-01,713.5931338436558
613,2025-11-01,656.93
614,2025-03-01,614.3
614,2025-04-01,934.1704644623289
614,2025-05-01,1647.9808414725771
615,2024-12-01,1332.37
616,2025-02-01,305.2423343224531
616,2025-03-01,364.41
617,2025-02-01,1577.9201957214384
617,2025-08-01,914.3776321946655
617,2025-10-01,110.06
618,2024-11-01,269.69
618,2024-12-01,642.29
618,2025-03-01,715.86
618,2025-04-01,1732.7556158017042
618,2025-06-01,1429.34
618,2025-07-01,1739.6979649164682
618,2025-10-01,1645.3405017921148
619,2025-02-01,1069.4757665677548
619,2025-03-01,172.7
619,2025-04-01,1622.434159566228
619,2025-10-01,1007.86
620,2025-05-01,1087.0282746682053
620,2025-11-01,2271.4269087523276
621,2025-09-01,130.17662907893424
622,2025-05-01,441.3949511075634
622,2025-08-01,788.9473684210526
623,2025-02-01,1705.45
623,2025-03-01,283.6349924585219
623,2025-04-01,367.66
623,2025-09-01,1333.6086109306857
624,2025-03-01,373.61
624,2025-09-01,684.348623853211
625,2025-11-01,222.12847555129437
626,2024-12-01,1619.2688725975827
626,2025-01-01,377.5424935903523
626,2025-05-01,1874.5706801203069
626,2025-08-01,578.5586505708403
628,2024-12-01,1961.2596372196067
628,2025-09-01,1517.2243620606644
629,2025-03-01,1357.9533352696294
629,2025-11-01,1274.33
630,2025-04-01,903.1142548383928
630,2025-06-01,315.99
630,2025-07-01,3694.4228043710655
630,2025-08-01,1185.277494672473
630,2025-09-01,1561.23
630,2025-11-01,567.6094040968343
631,2025-01-01,1647.9441648466434
631,2025-07-01,445.3609426839035
632,2025-04-01,1159.8373353989157
632,2025-07-01,2036.3551401869158
632,2025-08-01,1742.63
633,2025-02-01,1903.5792898841994
633,2025-03-01,0.0
633,2025-06-01,1802.61
633,2025-10-01,305.4241338112306
634,2024-12-01,2268.555577570834
634,2025-06-01,1771.52
634,2025-08-01,301.78716490658
635,2024-12-01,322.8745499861534
635,2025-04-01,23.43059239610964
636,2024-12-01,717.72
636,2025-03-01,1651.6496983408747
637,2024-12-01,738.3554289677036
638,2025-03-01,1145.1321347873072
638,2025-04-01,622.65
638,2025-08-01,209.14187643020594
638,2025-09-01,473.88083895407925
638,2025-10-01,1569.48
638,2025-11-01,899.3627588792054
639,2025-01-01,1199.0789098851012
639,2025-05-01,1395.69
639,2025-10-01,2041.457586618877
640,2025-02-01,1930.4330552244737
640,2025-03-01,38.44
641,2025-04-01,92.16
641,2025-06-01,637.4855379868878
642,2025-03-01,1509.19
643,2024-12-01,917.3271250247672
643,2025-03-01,1886.95
644,2024-12-01,1475.5467744899834
644,2025-06-01,1209.73
644,2025-07-01,1242.73
644,2025-09-01,1045.1397889279763
645,2025-07-01,1803.97
645,2025-10-01,1764.9091114372811
646,2025-04-01,38.38
646,2025-09-01,899.46
646,2025-10-01,1651.85
647,2024-12-01,584.39
647,2025-01-01,2471.6099999999997
647,2025-02-01,1091.49
647,2025-07-01,114.4311600971418
648,2025-01-01,429.59
648,2025-04-01,2234.0542989930286
649,2025-02-01,1833.97
649,2025-04-01,715.8597986057321
649,2025-06-01,1007.3629544143104
649,2025-07-01,811.0603029436982
649,2025-08-01,1592.27
649,2025-10-01,83.19249913184397
650,2025-01-01,34.08
650,2025-03-01,3342.5135153451447
650,2025-06-01,314.59
650,2025-10-01,2157.1751157276726
651,2024-12-01,595.01
651,2025-01-01,1092.6006221133002
651,2025-06-01,2157.3149741824436
651,2025-08-01,1909.789049537805
651,2025-10-01,240.87162696172518
652,2025-03-01,954.52
652,2025-07-01,1887.7182563249792
653,2024-12-01,35.30736100234925
653,2025-08-01,352.4370709382151
654,2025-03-01,484.73
654,2025-07-01,465.14710029138075
655,2024-11-01,1769.9567515617493
655,2025-03-01,0.0
655,2025-07-01,375.42
656,2025-06-01,1731.96
658,2024-11-01,714.3488707352234
658,2025-01-01,1282.9945605496707
658,2025-06-01,2204.924552579249
658,2025-11-01,1026.6
660,2025-01-01,2008.0926170354192
660,2025-06-01,2249.24315233061
660,2025-09-01,14.336086109306855
661,2025-02-01,1593.4930178432896
662,2024-12-01,1197.361487862177
662,2025-02-01,1157.9972690031861
662,2025-06-01,1809.5172413793107
662,2025-07-01,2538.636678806969
663,2025-02-01,1808.144616607072
664,2025-01-01,765.805340223945
664,2025-03-01,538.43
664,2025-04-01,314.64
664,2025-08-01,2117.5011698642957
664,2025-09-01,1133.8189801417025
664,2025-11-01,198.13178722621018
665,2024-11-01,1693.92
665,2025-02-01,323.54
665,2025-06-01,807.4623987659083
666,2025-06-01,1595.8
667,2025-02-01,1488.974010861133
667,2025-03-01,1389.3794171749444
667,2025-08-01,1759.73
668,2025-02-01,1459.69
668,2025-03-01,0.0
668,2025-05-01,45.72620549141361
668,2025-10-01,1455.7876414273283
669,2024-11-01,1619.6059586737147
669,2024-12-01,1972.1200000000001
669,2025-03-01,1588.13
669,2025-06-01,362.06573868288683
670,2025-11-01,1949.73
671,2025-01-01,259.67
672,2025-01-01,154.9710378881398
672,2025-03-01,1860.88
672,2025-08-01,397.6105791153671
672,2025-09-01,2447.023719722633
673,2025-02-01,829.7223486572599
673,2025-04-01,173.25
673,2025-05-01,681.7054845980466
673,2025-07-01,759.5
674,2025-01-01,1438.4292394312433
674,2025-05-01,1831.8484965530267
674,2025-11-01,762.8062875635692
675,2025-03-01,1253.935521347662
675,2025-09-01,331.29
676,2025-03-01,1774.132730015083
676,2025-06-01,546.38
676,2025-11-01,749.1083413231065
677,2025-01-01,1661.95
677,2025-02-01,92.98
677,2025-03-01,483.51
677,2025-08-01,270.4
677,2025-10-01,1810.4662978435135
678,2024-11-01,871.6007714561235
678,2024-12-01,204.9534376857539
678,2025-06-01,197.23465289730348
679,2025-03-01,809.18
679,2025-05-01,656.3887052601756
679,2025-06-01,226.79
679,2025-08-01,2327.623488372093
680,2025-01-01,703.4
680,2025-02-01,1756.0673645880745
681,2025-09-01,1692.4845351216186
682,2025-01-01,1509.5619811050672
682,2025-08-01,2033.675999800621
683,2025-03-01,121.0385756676558
683,2025-07-01,1135.8995327102805
683,2025-10-01,795.4
684,2025-03-01,1630.2884615384617
684,2025-05-01,1396.08
685,2025-02-01,1787.22
685,2025-06-01,1923.0
686,2025-02-01,346.5961986035687
686,2025-09-01,172.23
688,2025-07-01,838.11
688,2025-08-01,1688.1275373799385
688,2025-10-01,1804.235567159849
689,2024-12-01,2051.75
689,2025-03-01,817.426662794075
689,2025-04-01,1879.5269176129307
689,2025-08-01,260.357432981316
690,2025-01-01,1071.7690627670688
690,2025-02-01,1934.6683475562454
690,2025-05-01,1584.29
691,2024-12-01,664.6730618637431
691,2025-05-01,1809.37
691,2025-06-01,989.42
691,2025-08-01,1741.1327231121281
692,2025-01-01,1462.4588035553777
692,2025-05-01,180.60251204079708
692,2025-06-01,123.27
692,2025-10-01,1166.6457025432742
693,2025-01-01,866.5661231030258
694,2024-11-01,1871.98
694,2025-02-01,1781.7569412835685
694,2025-03-01,989.44
694,2025-07-01,144.37
695,2025-06-01,28.225523453035443
695,2025-10-01,1241.9928825622776
696,2025-05-01,1068.3296747156257
696,2025-07-01,1396.2228293146454
697,2025-08-01,299.26
697,2025-11-01,867.1440027494558
698,2025-11-01,1431.8024928092043
699,2025-02-01,1469.2977250247282
699,2025-07-01,59.518027274425556
699,2025-08-01,367.5729141499158
699,2025-09-01,1109.944160627302
700,2024-11-01,1804.2
700,2024-12-01,1386.92
700,2025-09-01,2125.6029464179637
701,2025-04-01,1089.13
701,2025-08-01,938.0756953944367
701,2025-10-01,488.27
702,2024-11-01,52.622950819672134
702,2024-12-01,578.19
702,2025-04-01,484.9
702,2025-06-01,639.86
702,2025-09-01,1637.0022951801218
703,2024-12-01,106.87169629985584
703,2025-04-01,187.2103170755357
703,2025-05-01,1493.2544720138487
704,2025-06-01,1995.16
704,2025-09-01,911.98
705,2025-05-01,1495.88
706,2025-02-01,25.043240782885754
706,2025-07-01,818.43
706,2025-10-01,367.1
707,2025-01-01,36.530203263670195
707,2025-02-01,1380.49
707,2025-04-01,615.9798312809075
708,2025-05-01,1066.0473167916907
708,2025-10-01,1200.15
709,2025-04-01,748.79
709,2025-08-01,1590.8374729217908
710,2025-11-01,1596.8793927466968
711,2025-03-01,1735.1809954751131
711,2025-05-01,1214.1247182569496
711,2025-07-01,336.28
711,2025-11-01,780.61
712,2024-11-01,1144.9662487945998
712,2025-01-01,1242.11
712,2025-02-01,1758.3022298784574
712,2025-04-01,2380.364288229457
712,2025-10-01,1738.2795698924733
712,2025-11-01,1697.171620325983
714,2025-04-01,1977.814254909458
715,2025-08-01,1909.23
716,2024-12-01,1084.598419408197
716,2025-02-01,576.97
716,2025-09-01,509.74297114224737
718,2024-12-01,114.81
718,2025-04-01,4410.574515509459
719,2024-11-01,29.28
719,2025-03-01,686.632730015083
720,2025-01-01,1399.4587408603172
720,2025-11-01,3401.57232335974
721,2025-01-01,51.09
721,2025-02-01,3231.2883948498547
722,2025-03-01,852.62
722,2025-04-01,1623.78
722,2025-06-01,785.31
722,2025-08-01,351.55
723,2025-01-01,650.14
723,2025-07-01,89.15375446960668
723,2025-08-01,1698.18
723,2025-09-01,1747.965816080886
724,2025-01-01,248.81
724,2025-09-01,762.0696537271729
724,2025-10-01,1858.4558397962726
725,2024-11-01,1479.33
725,2024-12-01,800.0551369233597
725,2025-01-01,1854.68
725,2025-02-01,540.172963131543
725,2025-07-01,957.1642069867364
726,2025-04-01,367.7964436585126
726,2025-06-01,414.24795771263814
726,2025-07-01,1678.9612172520306
727,2024-11-01,1497.54
727,2025-05-01,2406.581743050338
727,2025-09-01,370.801317233809
728,2024-12-01,2979.82
728,2025-07-01,909.01
728,2025-10-01,1573.50387776363
729,2024-12-01,1493.4058220252932
729,2025-04-01,606.48
729,2025-05-01,937.6998629511191
730,2025-02-01,456.8502503413746
730,2025-04-01,360.90463843272835
730,2025-06-01,872.0596672403901
730,2025-09-01,115.06
731,2024-12-01,744.03
731,2025-04-01,3946.7014878355976
731,2025-06-01,292.62437331276516
731,2025-08-01,1195.645325674048
732,2025-04-01,882.9443964275425
732,2025-09-01,1981.3391877058177
733,2025-03-01,735.4638009049773
733,2025-04-01,297.97
734,2025-03-01,1813.68
734,2025-08-01,1604.0894628485871
734,2025-10-01,824.42
735,2025-01-01,1383.54
735,2025-04-01,276.47171804475175
735,2025-06-01,1963.836875358989
735,2025-09-01,2916.7711218103036
736,2025-10-01,208.33
737,2024-12-01,20.5072320190212
737,2025-02-01,469.2680514342236
738,2024-12-01,1124.5640493920257
738,2025-03-01,0.0
738,2025-04-01,401.67
738,2025-05-01,1659.2793455280816
738,2025-06-01,262.7894207010158
739,2025-01-01,841.6116374772706
739,2025-08-01,258.05
740,2025-02-01,1452.5725069527216
740,2025-10-01,203.73715705092016
741,2025-05-01,1814.48
742,2025-01-01,395.5226694316147
742,2025-10-01,703.9516766399457
743,2025-02-01,3047.273886733902
743,2025-04-01,426.735811005474
743,2025-10-01,658.02
744,2025-04-01,639.2298088927303
744,2025-07-01,2295.2963534861624
744,2025-11-01,758.75
745,2025-01-01,151.26443362916308
745,2025-02-01,651.9011770524235
745,2025-05-01,1012.5746851732695
746,2025-03-01,2063.6275463210077
746,2025-04-01,1535.4258768051873
747,2024-12-01,654.1238571024602
747,2025-06-01,2102.0783277270543
750,2024-11-01,209.12
750,2024-12-01,1915.1
750,2025-01-01,1695.0
750,2025-03-01,1313.3
750,2025-08-01,1793.47
750,2025-09-01,1087.3608597450213
750,2025-10-01,494.14
750,2025-11-01,1042.1476510067116
751,2024-12-01,1313.463443629879
751,2025-10-01,576.51
751,2025-11-01,315.57
752,2025-02-01,1205.92
752,2025-03-01,1268.27
752,2025-06-01,487.7353012048193
753,2025-05-01,658.6397593868245
754,2025-02-01,1346.4895267649342
755,2025-02-01,1602.67
755,2025-05-01,1974.93
755,2025-08-01,1295.2522594668803
756,2025-01-01,736.63
756,2025-02-01,878.2794720072826
756,2025-06-01,1801.0331571359923
756,2025-07-01,1850.14
756,2025-10-01,850.34
757,2025-02-01,1480.39
757,2025-10-01,664.5549318364074
758,2024-11-01,1538.7602114368092
758,2024-12-01,740.7735622634543
758,2025-04-01,486.19287374128584
758,2025-05-01,1096.08
759,2025-10-01,1843.6021959008513
760,2025-01-01,2874.2200000000003
760,2025-02-01,484.35
761,2024-12-01,1245.73013671488
761,2025-04-01,1575.276230050052
761,2025-05-01,1173.1076473275468
761,2025-06-01,1769.8522167487688
761,2025-11-01,398.04264243271587
762,2024-11-01,980.05
762,2025-03-01,528.25
762,2025-04-01,656.55
762,2025-07-01,460.7895731016245
763,2024-12-01,199.46502872993855
763,2025-06-01,1234.6122353491637
764,2025-06-01,1244.35
764,2025-07-01,607.8730638458633
764,2025-11-01,482.99128479055383
765,2024-11-01,349.93
765,2025-04-01,580.15
765,2025-05-01,998.0371900826447
765,2025-07-01,2169.6332207283704
765,2025-09-01,1541.682715454983
765,2025-10-01,814.32
766,2024-11-01,961.880424300868
766,2024-12-01,907.2
766,2025-02-01,226.35
766,2025-05-01,1439.31
766,2025-07-01,1540.4171632896307
767,2025-01-01,1790.2670111972438
767,2025-08-01,1678.632377340602
768,2024-12-01,1447.5926292847234
768,2025-02-01,3295.598103130845
768,2025-07-01,1148.06
768,2025-10-01,523.1003725866547
769,2024-12-01,2366.0185512920907
769,2025-06-01,2183.11
769,2025-09-01,891.1616155970628
770,2024-12-01,455.42
770,2025-07-01,1219.76
770,2025-09-01,1623.9214960192558
770,2025-10-01,1937.59
771,2024-12-01,1986.66
771,2025-03-01,979.7322775263951
771,2025-09-01,601.8415984593163
772,2025-01-01,311.49
772,2025-02-01,1761.1105341246293
772,2025-04-01,2536.0
772,2025-05-01,1020.14
772,2025-07-01,1949.8
773,2025-03-01,1106.86
773,2025-07-01,3613.6765800230305
774,2025-03-01,1045.2847960897093
774,2025-04-01,334.02
774,2025-05-01,1251.0
774,2025-07-01,2922.706301344111
774,2025-11-01,469.71601489757916
775,2025-04-01,1721.0302091402016
776,2024-12-01,536.71
776,2025-06-01,510.65978198508316
777,2025-01-01,1216.5087568188344
777,2025-04-01,846.72
777,2025-08-01,1470.3537338573835
777,2025-10-01,2123.6219831084054
778,2025-03-01,1076.2550348757245
778,2025-06-01,1244.985221674877
779,2024-11-01,1337.2224891878905
779,2025-01-01,1217.4285983598832
779,2025-02-01,809.4065166795966
779,2025-03-01,3282.37
780,2024-11-01,589.09
780,2025-03-01,488.34349888662996
780,2025-05-01,457.12
780,2025-09-01,3074.5140714892914
781,2025-02-01,715.1137487636005
781,2025-07-01,496.3227588834905
782,2025-07-01,1773.0080213461274
782,2025-09-01,1777.5
782,2025-10-01,806.61
783,2024-11-01,773.3172613307618
783,2025-02-01,1420.55
783,2025-05-01,739.3143828501276
784,2025-03-01,1951.35
784,2025-05-01,632.4386350029935
784,2025-08-01,387.2952737482452
785,2025-01-01,1644.2705872365923
785,2025-06-01,904.3289625915928
786,2025-05-01,1001.74
786,2025-10-01,689.4663734228499
787,2025-02-01,1541.7606330365977
787,2025-05-01,882.3906083244398
787,2025-10-01,121.00809753434629
788,2024-12-01,2362.83
788,2025-01-01,1583.1818635773493
788,2025-02-01,832.02
788,2025-03-01,829.5343137254903
788,2025-08-01,1285.32
789,2025-03-01,0.0
789,2025-10-01,848.4792284866469
789,2025-11-01,2010.136315973436
790,2025-01-01,1077.47
790,2025-02-01,113.47181008902078
790,2025-04-01,1833.88
790,2025-07-01,1471.14
790,2025-10-01,382.6916563170373
791,2025-03-01,2050.1745768949345
791,2025-05-01,783.99
791,2025-06-01,271.07
791,2025-07-01,390.80980597188335
791,2025-09-01,1469.43
792,2024-12-01,693.31
792,2025-02-01,731.4543832498862
792,2025-05-01,21.739541033147606
792,2025-06-01,1433.34
792,2025-07-01,1452.797933076417
793,2024-12-01,1384.0003962750147
794,2025-07-01,1639.3064685148136
794,2025-08-01,99.0519080350794
795,2025-01-01,1361.16
795,2025-02-01,1444.500494559842
795,2025-04-01,1895.51
795,2025-05-01,563.0351990767455
795,2025-10-01,1714.9599187083663
796,2025-04-01,1944.65
796,2025-05-01,1350.1796048692877
796,2025-06-01,754.86409810561
796,2025-09-01,1765.0094431693442
797,2025-02-01,651.5
797,2025-08-01,1949.3097800655123
798,2025-03-01,1397.23
798,2025-04-01,3585.2926595209933
798,2025-06-01,1240.512315270936
798,2025-11-01,1471.77
799,2024-12-01,799.91
799,2025-01-01,966.47
799,2025-10-01,1195.55
800,2024-11-01,99.41176470588236
800,2025-03-01,654.51
801,2025-06-01,155.25792490349747
801,2025-08-01,1106.06
802,2025-01-01,385.96
802,2025-05-01,1418.0409466566493
802,2025-08-01,1361.7688348151614
803,2025-03-01,207.11
803,2025-05-01,5553.733516661483
803,2025-06-01,645.0443349753696
803,2025-08-01,1745.124461912783
804,2024-11-01,886.3046612205671
804,2024-12-01,497.31376350041546
804,2025-02-01,1683.92197434952
804,2025-05-01,381.96
804,2025-09-01,1173.46
805,2025-05-01,1080.13
805,2025-10-01,2249.126056256511
806,2025-07-01,526.7571156138259
807,2025-03-01,1743.9861523244315
807,2025-04-01,533.4686939276608
808,2025-04-01,300.49380325329207
808,2025-09-01,488.69667165829713
808,2025-11-01,1956.8216241407433
810,2025-02-01,1528.6253476360748
810,2025-03-01,298.55
810,2025-05-01,548.9107454729294
810,2025-06-01,1842.02
810,2025-09-01,1000.95
811,2025-02-01,38.97
811,2025-04-01,637.53
811,2025-07-01,323.65911799761625
811,2025-09-01,274.2652329749104
811,2025-10-01,2197.48221745512
812,2025-01-01,1080.28
812,2025-05-01,1016.59
812,2025-06-01,1504.2861171162704
812,2025-08-01,390.8181228574076
813,2025-04-01,1455.12
814,2025-02-01,213.95510528406834
814,2025-03-01,2368.0045117022273
815,2025-02-01,782.49
815,2025-08-01,548.3114773122896
815,2025-11-01,1615.432960893855
816,2024-12-01,1486.614972768393
816,2025-05-01,1849.12
816,2025-07-01,1070.4078075984662
817,2025-01-01,208.19
817,2025-08-01,2168.262621474283
817,2025-10-01,23.488649940262846
818,2025-03-01,1237.7384064285025
818,2025-08-01,761.9008935824533
819,2025-03-01,112.56598793363499
819,2025-06-01,2391.161862503931
820,2025-02-01,955.4628526023045
820,2025-04-01,724.03
820,2025-09-01,904.8138224152268
821,2024-11-01,1252.47
821,2025-03-01,221.3
821,2025-08-01,554.35
821,2025-09-01,2150.534212320982
821,2025-10-01,120.59532640949556
821,2025-11-01,1838.4188626907073
822,2024-12-01,1969.0013869625518
822,2025-03-01,1391.17
822,2025-07-01,2175.113230035757
822,2025-10-01,2998.9567009771517
823,2024-12-01,1359.6949090240762
823,2025-06-01,1826.12
823,2025-07-01,2187.4064308367197
824,2025-01-01,1099.645128667743
824,2025-05-01,1506.278130409694
824,2025-06-01,601.4933946008041
824,2025-08-01,640.25
824,2025-10-01,580.916172106825
824,2025-11-01,1850.4738788719371
825,2025-09-01,4908.700175398286
825,2025-10-01,750.9588770264926
826,2025-09-01,1969.68
827,2024-12-01,1132.15
827,2025-01-01,390.8986505885731
827,2025-04-01,1503.3
827,2025-09-01,121.45942259604455
828,2024-11-01,830.94
828,2025-02-01,1403.5697195903915
828,2025-04-01,1175.434552962643
828,2025-07-01,1358.5580235182326
829,2025-02-01,1735.16
829,2025-05-01,1133.440362640476
829,2025-07-01,1672.223696569843
830,2024-11-01,702.93
830,2024-12-01,2078.3
830,2025-08-01,1544.6109839816934
831,2024-11-01,1870.9082172032677
831,2024-12-01,1123.98
831,2025-03-01,1722.2
831,2025-04-01,796.178406523234
832,2025-01-01,1098.0310543540097
832,2025-04-01,1388.96
832,2025-07-01,1427.1696675240544
832,2025-09-01,1320.07
833,2025-05-01,787.2966265281735
833,2025-08-01,3466.42
834,2024-12-01,1976.09
834,2025-11-01,1788.6097794822629
835,2025-06-01,1691.9012062033312
836,2024-12-01,856.5309701836981
836,2025-02-01,1878.772304111715
836,2025-03-01,1264.9336818665893
836,2025-06-01,1934.705813545444
836,2025-09-01,803.0861845187524
836,2025-10-01,234.27
836,2025-11-01,928.01
837,2025-04-01,486.31332514601274
838,2025-04-01,659.1020728951763
838,2025-06-01,1825.3964440172992
838,2025-07-01,1438.792035819758
838,2025-10-01,853.55
839,2024-12-01,338.24
839,2025-08-01,1746.0415496911846
840,2025-01-01,541.94
840,2025-04-01,1543.8202247191011
840,2025-05-01,1902.619578926943
840,2025-06-01,1207.8944348823866
840,2025-07-01,2171.4418496572557
840,2025-11-01,1049.88
841,2025-01-01,248.83099532398128
841,2025-03-01,1735.12
841,2025-06-01,1202.88
843,2025-03-01,732.9166275025848
843,2025-05-01,1483.89
843,2025-07-01,2135.2362429927925
844,2024-12-01,202.92
844,2025-05-01,551.34
844,2025-06-01,134.7918477735922
845,2025-01-01,969.32
845,2025-03-01,258.94
845,2025-04-01,384.09
845,2025-06-01,425.51917318651596
845,2025-08-01,2162.8301974410633
846,2024-11-01,759.8746383799422
846,2025-02-01,979.76
846,2025-04-01,814.2041053446941
846,2025-05-01,1054.13
846,2025-08-01,986.4221886967622
847,2025-01-01,1003.2
847,2025-03-01,545.97
848,2025-08-01,1975.2331528470904
848,2025-09-01,1784.59
849,2024-12-01,857.2344236026016
849,2025-01-01,1173.7761236759231
849,2025-08-01,346.90422285658036
850,2025-03-01,1518.5400329170297
850,2025-07-01,1481.7221070342243
851,2024-12-01,3313.2630826325285
851,2025-01-01,217.54
852,2025-09-01,669.9713572946503
853,2025-02-01,386.89
853,2025-03-01,1767.56
853,2025-05-01,818.75
853,2025-07-01,432.9072281229439
853,2025-11-01,1461.1751475962892
854,2025-04-01,1785.7399187836436
854,2025-05-01,41.75422567382366
854,2025-08-01,143.00957592339262
854,2025-09-01,833.48
855,2025-02-01,612.1438324988621
855,2025-03-01,1822.38
855,2025-05-01,1114.59
855,2025-08-01,1965.72
855,2025-11-01,1597.1601489757916
856,2024-12-01,1352.61893320519
856,2025-03-01,0.0
856,2025-09-01,714.7007145367224
856,2025-10-01,1361.94
857,2024-11-01,1368.94
857,2024-12-01,49.11
857,2025-01-01,1057.6868293609343
857,2025-08-01,471.94
857,2025-10-01,1092.3024852528767
858,2025-02-01,1982.57
858,2025-05-01,372.2610257433646
859,2024-12-01,1564.0912028062403
859,2025-11-01,510.66
860,2025-01-01,56.3
860,2025-07-01,1634.1049823759167
860,2025-08-01,557.03
860,2025-09-01,2195.2325172777323
861,2025-09-01,967.7461260090934
861,2025-10-01,1124.8784208069983
862,2025-02-01,1095.083432657926
862,2025-05-01,1755.672426746807
862,2025-08-01,610.36
862,2025-10-01,2372.556750298686
863,2024-11-01,1298.032786885246
863,2025-02-01,128.62
863,2025-08-01,2858.1202604218242
863,2025-10-01,38.835702543274344
864,2025-03-01,1092.1967276599867
864,2025-05-01,514.76
864,2025-07-01,1746.9874988250774
864,2025-08-01,1271.5707584944514
864,2025-11-01,1757.53
866,2024-11-01,1099.0100913022586
866,2025-01-01,1341.72
866,2025-02-01,1062.8129267182521
866,2025-03-01,229.09125188536956
866,2025-04-01,1830.385095553635
866,2025-06-01,1777.6059302644826
867,2025-05-01,232.23156105392388
867,2025-08-01,377.08019032145756
867,2025-09-01,1542.59
867,2025-11-01,42.2951582867784
868,2025-01-01,609.1254391795652
868,2025-03-01,0.0
868,2025-06-01,127.85
869,2024-11-01,1052.39
869,2024-12-01,856.18
870,2025-01-01,1644.6071394391809
870,2025-07-01,3628.07565981708
870,2025-09-01,3621.220994155569
870,2025-11-01,311.82
871,2024-12-01,1435.2233045396065
871,2025-03-01,810.678671701036
871,2025-05-01,60.99
871,2025-08-01,382.19798073575487
872,2024-11-01,1825.9594985535198
872,2024-12-01,1127.45
872,2025-08-01,591.41
872,2025-11-01,666.1420946070311
873,2025-05-01,899.89
873,2025-07-01,1159.381898454746
874,2025-02-01,1346.662693682956
875,2025-02-01,1869.1
875,2025-09-01,151.77064220183485
875,2025-10-01,103.51
875,2025-11-01,1815.08
876,2025-03-01,177.35
876,2025-08-01,586.98
876,2025-09-01,1833.55
877,2025-05-01,462.63
878,2025-05-01,1758.57
878,2025-06-01,99.12263787119169
879,2025-10-01,1774.3335456282414
880,2025-01-01,56.7
881,2025-03-01,1815.2363943979697
881,2025-10-01,729.61
882,2025-01-01,493.73
882,2025-04-01,1189.55
883,2024-12-01,481.13
884,2024-11-01,1039.23818707811
884,2025-03-01,303.91214177978884
884,2025-04-01,112.52
885,2025-02-01,1310.31
885,2025-04-01,1578.3210689388072
886,2024-12-01,249.81621025546775
886,2025-02-01,2319.4745870076404
886,2025-03-01,606.78
886,2025-04-01,1639.41
886,2025-06-01,3349.019607843137
886,2025-09-01,2242.549350024073
887,2024-12-01,51.360044109538684
887,2025-01-01,417.7113771326232
887,2025-04-01,3056.15436004519
888,2025-02-01,663.98
888,2025-03-01,1558.58
888,2025-06-01,2679.2287996674595
889,2025-02-01,972.77
889,2025-04-01,1650.92
889,2025-05-01,201.1551465063862
889,2025-06-01,2008.7938491110042
889,2025-08-01,454.0902872777018
890,2025-05-01,719.68
891,2024-12-01,1813.56
891,2025-02-01,222.9
891,2025-04-01,1722.66
891,2025-05-01,1767.0
891,2025-08-01,1313.5036496350365
891,2025-11-01,1716.0997094930185
892,2024-12-01,1154.96
892,2025-02-01,323.66905045689316
892,2025-03-01,1011.3360597800545
892,2025-04-01,1437.6145056190387
892,2025-11-01,453.4157998313185
893,2025-04-01,1665.55
893,2025-05-01,1641.06
893,2025-08-01,1705.151487074956
894,2025-02-01,1242.89
894,2025-05-01,1060.0678507283976
894,2025-08-01,1877.02
895,2024-11-01,1690.91
895,2024-12-01,265.35
895,2025-02-01,97.66567754698319
895,2025-05-01,1029.56
896,2025-01-01,989.72
896,2025-02-01,1236.75
896,2025-07-01,1722.9943627280122
896,2025-08-01,2215.161441272812
896,2025-10-01,1285.1423892275498
897,2025-03-01,2423.868778280543
897,2025-05-01,1552.8633146428897
897,2025-08-01,815.506269885832
897,2025-11-01,1975.07
898,2025-02-01,1115.2734678044997
898,2025-05-01,584.5839153861505
899,2025-01-01,2156.5491271892047
899,2025-03-01,2729.3599999999997
899,2025-04-01,1417.77
899,2025-08-01,1830.51
900,2025-01-01,219.02
900,2025-03-01,773.540131668119
900,2025-05-01,1877.9693924166284
900,2025-07-01,730.37
900,2025-10-01,2188.2465846223326
901,2025-03-01,1131.6947081492622
901,2025-06-01,1734.9077562059306
902,2024-11-01,1042.35
902,2025-01-01,2119.1059996171884
902,2025-03-01,1133.52
902,2025-04-01,1758.1622773044153
902,2025-06-01,897.0147783251233
902,2025-09-01,719.71
903,2025-01-01,1244.230204284926
903,2025-04-01,1131.7
904,2024-12-01,28.44
904,2025-01-01,29.408413256101035
904,2025-03-01,498.14291101055807
904,2025-08-01,515.7501777672434
905,2024-12-01,1523.12
905,2025-10-01,143.79
905,2025-11-01,232.54
906,2024-11-01,1870.8389585342334
906,2025-02-01,883.41
907,2024-11-01,1825.33
907,2024-12-01,1309.86
907,2025-01-01,839.98
907,2025-02-01,1673.2419547079858
907,2025-04-01,1077.89566755084
907,2025-06-01,3755.4380575563687
908,2025-03-01,0.0
908,2025-04-01,1487.18048024787
908,2025-09-01,1631.400736604491
909,2025-03-01,339.8
909,2025-05-01,502.5735718407386
909,2025-09-01,1246.52842066284
909,2025-10-01,2237.8284523671723
910,2024-12-01,880.43
910,2025-02-01,1255.880015891935
910,2025-04-01,1935.93
910,2025-06-01,1686.9736775674123
910,2025-09-01,1749.7633849865454
910,2025-10-01,1810.29
911,2024-12-01,1595.5506323271486
911,2025-03-01,1724.8200000000002
911,2025-04-01,566.46
911,2025-05-01,248.67
911,2025-06-01,1355.0837438423648
911,2025-10-01,313.6748248567009
912,2025-05-01,1462.41
913,2025-04-01,980.32
913,2025-11-01,16.253058371198883
914,2025-07-01,480.8651303362297
914,2025-10-01,88.81
915,2025-07-01,2188.7358632414052
915,2025-09-01,1781.3
916,2024-11-01,944.8891031822566
916,2025-02-01,1178.25
916,2025-07-01,1324.2368050609496
916,2025-11-01,1916.864525139665
917,2024-11-01,1280.1639344262296
917,2025-07-01,690.0238379022645
917,2025-08-01,759.36
917,2025-11-01,1082.0541654952676
918,2024-11-01,480.31
918,2025-02-01,1588.3486889061287
918,2025-05-01,2093.199675650982
918,2025-06-01,318.41496336290015
918,2025-10-01,130.9271217712177
919,2025-02-01,263.5578069129917
919,2025-04-01,816.95
919,2025-08-01,2105.747807537331
920,2025-05-01,995.05
921,2025-03-01,1444.52
921,2025-05-01,47.3
921,2025-06-01,1152.3350545037292
922,2025-05-01,556.83
922,2025-06-01,731.92
922,2025-08-01,1646.529359342509
922,2025-09-01,55.11
923,2024-11-01,83.75
923,2025-05-01,1721.4
923,2025-06-01,2229.213095921884
923,2025-10-01,1611.56
924,2025-07-01,1560.4275923718712
924,2025-08-01,1215.573865614483
925,2024-12-01,976.08
925,2025-05-01,19.7
925,2025-07-01,1018.6412395709178
925,2025-08-01,810.8680393074403
926,2024-12-01,1247.6506969445213
926,2025-03-01,1287.51
926,2025-04-01,451.96
926,2025-05-01,299.44
926,2025-07-01,555.3985644125426
926,2025-09-01,44.02993940834027
926,2025-11-01,1019.0409683426443
927,2025-02-01,1185.9353664087391
927,2025-08-01,256.147503011211
927,2025-10-01,646.4022140221401
928,2024-12-01,2415.77986144923
929,2025-07-01,441.5733015494637
929,2025-10-01,1908.7638376383763
930,2025-03-01,1813.0750377073907
930,2025-08-01,149.18585064570465
930,2025-10-01,1866.2733417344482
931,2025-02-01,1386.0259891388675
931,2025-03-01,834.78
931,2025-08-01,1741.4014974262984
932,2025-01-01,854.0318732703503
932,2025-03-01,728.04
932,2025-09-01,235.01
933,2025-02-01,94.67620182757251
934,2024-12-01,467.4967836794707
934,2025-03-01,1069.45
934,2025-04-01,351.5756811790943
934,2025-05-01,2142.623561232156
934,2025-11-01,1120.01
935,2025-02-01,1345.0
935,2025-09-01,952.66
936,2024-11-01,1234.2044358727098
936,2024-12-01,1152.0768241132146
936,2025-03-01,570.5976621417798
936,2025-04-01,2624.968486376418
937,2025-04-01,1322.65
937,2025-07-01,1015.39
937,2025-10-01,1839.668943164718
938,2025-02-01,1223.39
939,2024-12-01,1918.7339013275212
940,2025-01-01,1338.32
940,2025-08-01,795.5148741418764
941,2025-01-01,1793.4385299111154
941,2025-02-01,1787.06
941,2025-09-01,1006.2766154415849
943,2024-12-01,1996.54
943,2025-03-01,1157.1810089020773
943,2025-05-01,1198.638241923366
943,2025-09-01,2012.4866341927054
944,2025-08-01,1421.34
944,2025-10-01,1225.4160500785365
945,2025-01-01,1564.1187136177116
945,2025-02-01,675.7680160780936
945,2025-03-01,204.0
945,2025-04-01,230.29866513012584
946,2024-12-01,1181.87
946,2025-07-01,1032.392238875334
946,2025-08-01,923.1708169661084
948,2025-03-01,888.14
948,2025-04-01,468.67
948,2025-09-01,97.41465108476767
949,2025-01-01,1270.49
949,2025-03-01,1002.5169683257919
949,2025-06-01,1919.753694581281
949,2025-10-01,421.5968100890207
950,2025-01-01,2009.1632307999598
950,2025-02-01,839.7695669447756
950,2025-04-01,4002.16911907453
950,2025-05-01,428.056135467409
950,2025-06-01,1230.295566502463
950,2025-08-01,607.5580332979865
950,2025-09-01,249.61
951,2025-02-01,1720.21
951,2025-09-01,1205.3786335863729
952,2025-02-01,563.3955393718707
952,2025-03-01,868.49
953,2025-01-01,1638.29
953,2025-02-01,410.76
953,2025-04-01,1307.658791634392
954,2025-01-01,57.04
954,2025-05-01,1961.37
954,2025-08-01,1389.1821074302827
955,2025-06-01,1700.9649626651349
955,2025-09-01,1647.54
956,2025-01-01,1147.3
956,2025-03-01,0.0
956,2025-05-01,899.440383736866
956,2025-11-01,1744.602109300096
957,2025-02-01,320.25
958,2025-03-01,1201.36
958,2025-06-01,601.7662884547901
959,2025-01-01,34.73
959,2025-06-01,381.1359026369168
960,2025-01-01,1149.3635754617667
960,2025-02-01,880.2542709574892
960,2025-04-01,1445.5251006975145
960,2025-05-01,1325.8570214373408
960,2025-06-01,739.4493464680442
960,2025-07-01,777.03
960,2025-08-01,1943.0447895951456
961,2024-12-01,65.48444620566673
961,2025-04-01,1129.5549306700282
961,2025-05-01,288.13
961,2025-06-01,1072.7
961,2025-10-01,1695.0415129151293
962,2025-03-01,1058.14
962,2025-07-01,70.14757026036281
962,2025-09-01,3451.1223559560203
963,2024-12-01,811.6386061080657
963,2025-03-01,1782.61
963,2025-04-01,1351.6241636769125
963,2025-08-01,1756.036159844787
964,2024-12-01,46.55220160620327
964,2025-05-01,258.84
964,2025-08-01,69.8547076993479
964,2025-09-01,2803.0414268741833
964,2025-10-01,4140.7877076241475
965,2025-03-01,216.02
965,2025-04-01,1718.43
965,2025-05-01,1850.9485349361385
965,2025-08-01,1553.692207912536
965,2025-11-01,589.4553072625698
966,2025-06-01,1857.18
966,2025-07-01,1755.7070801419766
966,2025-08-01,1172.92
966,2025-09-01,59.30893384860195
966,2025-11-01,2060.9916782246883
967,2025-08-01,194.34597484899496
967,2025-11-01,861.0264635124298
968,2024-12-01,191.05
968,2025-01-01,1322.7970838476879
968,2025-04-01,1659.8683564200805
968,2025-06-01,253.61604997597308
969,2024-11-01,197.93
969,2025-03-01,1881.19
971,2025-01-01,1908.4072907720201
971,2025-02-01,1579.819627618309
971,2025-07-01,1485.4112038140645
971,2025-08-01,1264.98
971,2025-10-01,851.1
972,2024-12-01,179.00858487953477
972,2025-05-01,1660.0
972,2025-08-01,1581.82
972,2025-10-01,1231.5638592328983
973,2024-12-01,395.8555412607976
973,2025-03-01,906.03
973,2025-04-01,1793.0052067983102
973,2025-05-01,1259.851615326822
973,2025-08-01,407.67
974,2025-09-01,1326.9533978644847
975,2024-12-01,90.39
975,2025-04-01,1114.9616988267233
975,2025-05-01,1241.5486523526722
975,2025-07-01,458.02610269600837
975,2025-11-01,1167.4765323025952
976,2024-11-01,1458.8
976,2025-01-01,1929.664343925947
977,2025-01-01,1600.911968699303
977,2025-05-01,142.52526206440646
977,2025-06-01,1759.49
978,2025-01-01,1479.232462436597
978,2025-09-01,1484.8268839103869
978,2025-10-01,2624.9794474423243
979,2025-02-01,390.69
979,2025-03-01,1593.19
979,2025-05-01,525.58
979,2025-06-01,1527.95
979,2025-08-01,77.18
979,2025-09-01,255.75729178868454
979,2025-11-01,440.71229050279334
980,2025-04-01,1137.222702391242
980,2025-05-01,205.74180753612242
980,2025-08-01,917.4
982,2024-11-01,214.1278231619414
982,2025-06-01,1786.45
983,2025-02-01,1351.29
983,2025-03-01,0.0
983,2025-04-01,700.24
984,2025-01-01,1723.4140823828825
984,2025-02-01,1318.305522447358
984,2025-05-01,653.2841758028525
984,2025-07-01,1683.5793013263592
984,2025-08-01,1413.91
985,2025-01-01,1971.59
985,2025-02-01,857.8367103694875
985,2025-05-01,2804.683286856047
985,2025-08-01,1235.92
985,2025-09-01,3265.2251329847695
986,2025-01-01,677.21
986,2025-05-01,1696.92
986,2025-10-01,2048.835332103321
987,2025-02-01,433.8299562971792
987,2025-04-01,1836.51
987,2025-06-01,1226.865315852205
988,2025-05-01,910.18
988,2025-10-01,850.4843173431734
989,2025-03-01,500.01936295866017
989,2025-05-01,40.178325213714494
989,2025-10-01,1246.06
990,2024-11-01,1013.28
990,2025-03-01,1342.61
990,2025-08-01,907.94033169647
990,2025-09-01,1982.3709934075926
991,2025-04-01,1011.6809116809117
991,2025-05-01,466.2859753312014
991,2025-10-01,2029.625386642227
992,2025-07-01,479.8904420098225
993,2024-12-01,1491.74
993,2025-05-01,1079.7591690412721
993,2025-06-01,1174.26
993,2025-07-01,930.1696543504171
993,2025-08-01,1679.9980196059016
993,2025-10-01,1194.4045127831862
994,2025-05-01,305.14714368147725
994,2025-07-01,1493.2652334006416
994,2025-08-01,1002.9370888538868
994,2025-10-01,1087.010197583832
995,2025-03-01,1208.73
995,2025-04-01,181.76
995,2025-07-01,1643.906122923202
996,2024-11-01,32.734262373858726
996,2025-03-01,1407.65
997,2025-01-01,71.32
998,2024-12-01,1831.47
998,2025-01-01,1191.21
998,2025-06-01,1703.95
998,2025-09-01,1784.9830151106944
999,2024-11-01,1192.08
999,2025-07-01,1978.6432152642133
1000,2025-04-01,704.159798312809
